UNITS=MM
#Layer_Color=9474304
#
#Feature symbol names
#
$0 r127
$1 r169.33164

#
#Feature attribute names
#

#
#Layer features
#
A 54.08000106 12.7 54.08000106 12.7 53.57200106 12.7 1 P 0 N
A 55.19999882 11.89999906 55.19999882 11.89999906 54.69199882 11.89999906 1 P 0 N
A 55.19999882 12.7 55.19999882 12.7 54.69199882 12.7 1 P 0 N
A 55.19999882 13.50000094 55.19999882 13.50000094 54.69199882 13.50000094 1 P 0 N
A 56.56000118 11.89999906 56.56000118 11.89999906 56.05200118 11.89999906 1 P 0 N
A 56.56000118 12.7 56.56000118 12.7 56.05200118 12.7 1 P 0 N
A 56.56000118 13.50000094 56.56000118 13.50000094 56.05200118 13.50000094 1 P 0 N
A 57.67999894 12.7 57.67999894 12.7 57.17199894 12.7 1 P 0 N
L -0.254 21.336 0 21.59 0 P 0
L -0.254 22.352 0 22.098 0 P 0
L -0.26480008 11.07699842 -0.26480008 12.09299842 0 P 0
L -0.26480008 14.57699904 -0.26480008 15.59299904 0 P 0
L -0.508 0.508 0 -0.508 0 P 0
L -0.508 0.508 0.508 0.508 0 P 0
L -0.508 21.59 -0.254 21.336 0 P 0
L -0.508 22.098 -0.254 22.352 0 P 0
L -0.508 27.178 0 26.162 0 P 0
L -0.508 27.178 0.508 27.178 0 P 0
L -0.762 21.59 -0.508 21.59 0 P 0
L -0.762 21.59 -0.508 21.844 0 P 0
L -0.762 22.098 -0.508 21.844 0 P 0
L -0.762 22.098 -0.508 22.098 0 P 0
L -1.27 3.81 -1.016 3.81 0 P 0
L -1.27 4.064 -1.016 3.81 0 P 0
L -1.27 4.064 -1.016 4.318 0 P 0
L -1.27 4.318 -1.016 4.318 0 P 0
L -1.27 19.05 -1.016 19.05 0 P 0
L -1.27 19.304 -1.016 19.05 0 P 0
L -1.27 19.304 -1.016 19.558 0 P 0
L -1.27 19.558 -1.016 19.558 0 P 0
L -1.28080008 11.07699842 -0.26480008 11.07699842 0 P 0
L -1.28080008 11.07699842 -1.28080008 12.09299842 0 P 0
L -1.28080008 12.09299842 -0.26480008 12.09299842 0 P 0
L -1.28080008 14.57699904 -0.26480008 14.57699904 0 P 0
L -1.28080008 14.57699904 -1.28080008 15.59299904 0 P 0
L -1.28080008 15.59299904 -0.26480008 15.59299904 0 P 0
L -1.524 3.556 -1.27 3.81 0 P 0
L -1.524 4.572 -1.27 4.318 0 P 0
L -1.524 18.796 -1.27 19.05 0 P 0
L -1.524 19.812 -1.27 19.558 0 P 0
L -1.778 3.81 -1.524 3.556 0 P 0
L -1.778 4.318 -1.524 4.572 0 P 0
L -1.778 19.05 -1.524 18.796 0 P 0
L -1.778 19.558 -1.524 19.812 0 P 0
L -2.032 3.81 -1.778 3.81 0 P 0
L -2.032 3.81 -1.778 4.064 0 P 0
L -2.032 4.318 -1.778 4.064 0 P 0
L -2.032 4.318 -1.778 4.318 0 P 0
L -2.032 19.05 -1.778 19.05 0 P 0
L -2.032 19.05 -1.778 19.304 0 P 0
L -2.032 19.558 -1.778 19.304 0 P 0
L -2.032 19.558 -1.778 19.558 0 P 0
L 0 -0.508 0.508 0.508 0 P 0
L 0 21.59 0.254 21.59 0 P 0
L 0 21.844 0.254 21.59 0 P 0
L 0 21.844 0.254 22.098 0 P 0
L 0 22.098 0.254 22.098 0 P 0
L 0 26.162 0.508 27.178 0 P 0
L 0.508 3.81 0.762 3.81 0 P 0
L 0.508 3.81 0.762 4.064 0 P 0
L 0.508 4.318 0.762 4.064 0 P 0
L 0.508 4.318 0.762 4.318 0 P 0
L 0.508 19.05 0.762 19.05 0 P 0
L 0.508 19.05 0.762 19.304 0 P 0
L 0.508 19.558 0.762 19.304 0 P 0
L 0.508 19.558 0.762 19.558 0 P 0
L 0.762 3.81 1.016 3.556 0 P 0
L 0.762 4.318 1.016 4.572 0 P 0
L 0.762 19.05 1.016 18.796 0 P 0
L 0.762 19.558 1.016 19.812 0 P 0
L 1.016 3.556 1.27 3.81 0 P 0
L 1.016 4.572 1.27 4.318 0 P 0
L 1.016 18.796 1.27 19.05 0 P 0
L 1.016 19.812 1.27 19.558 0 P 0
L 1.27 3.81 1.524 3.81 0 P 0
L 1.27 4.064 1.524 3.81 0 P 0
L 1.27 4.064 1.524 4.318 0 P 0
L 1.27 4.318 1.524 4.318 0 P 0
L 1.27 19.05 1.524 19.05 0 P 0
L 1.27 19.304 1.524 19.05 0 P 0
L 1.27 19.304 1.524 19.558 0 P 0
L 1.27 19.558 1.524 19.558 0 P 0
L 1.778 21.59 2.032 21.59 0 P 0
L 1.778 21.59 2.032 21.844 0 P 0
L 1.778 22.098 2.032 21.844 0 P 0
L 1.778 22.098 2.032 22.098 0 P 0
L 2.032 21.59 2.286 21.336 0 P 0
L 2.032 22.098 2.286 22.352 0 P 0
L 2.286 21.336 2.54 21.59 0 P 0
L 2.286 22.352 2.54 22.098 0 P 0
L 2.54 21.59 2.794 21.59 0 P 0
L 2.54 21.844 2.794 21.59 0 P 0
L 2.54 21.844 2.794 22.098 0 P 0
L 2.54 22.098 2.794 22.098 0 P 0
L 3.048 -0.762 3.302 -0.762 0 P 0
L 3.048 -0.762 3.302 -1.016 0 P 0
L 3.048 -1.27 3.302 -1.016 0 P 0
L 3.048 -1.27 3.302 -1.27 0 P 0
L 3.048 3.81 3.302 3.81 0 P 0
L 3.048 3.81 3.302 4.064 0 P 0
L 3.048 4.318 3.302 4.064 0 P 0
L 3.048 4.318 3.302 4.318 0 P 0
L 3.048 19.05 3.302 19.05 0 P 0
L 3.048 19.05 3.302 19.304 0 P 0
L 3.048 19.558 3.302 19.304 0 P 0
L 3.048 19.558 3.302 19.558 0 P 0
L 3.048 24.13 3.302 24.13 0 P 0
L 3.048 24.13 3.302 24.384 0 P 0
L 3.048 24.638 3.302 24.384 0 P 0
L 3.048 24.638 3.302 24.638 0 P 0
L 3.302 -0.762 3.556 -0.508 0 P 0
L 3.302 -1.27 3.556 -1.524 0 P 0
L 3.302 3.81 3.556 3.556 0 P 0
L 3.302 4.318 3.556 4.572 0 P 0
L 3.302 19.05 3.556 18.796 0 P 0
L 3.302 19.558 3.556 19.812 0 P 0
L 3.302 24.13 3.556 23.876 0 P 0
L 3.302 24.638 3.556 24.892 0 P 0
L 3.556 -0.508 3.81 -0.762 0 P 0
L 3.556 -1.524 3.81 -1.27 0 P 0
L 3.556 3.556 3.81 3.81 0 P 0
L 3.556 4.572 3.81 4.318 0 P 0
L 3.556 18.796 3.81 19.05 0 P 0
L 3.556 19.812 3.81 19.558 0 P 0
L 3.556 23.876 3.81 24.13 0 P 0
L 3.556 24.892 3.81 24.638 0 P 0
L 3.71920008 11.07699842 3.71920008 12.09299842 0 P 0
L 3.71920008 11.07699842 4.73520008 11.07699842 0 P 0
L 3.71920008 12.09299842 4.73520008 12.09299842 0 P 0
L 3.71920008 14.57699904 3.71920008 15.59299904 0 P 0
L 3.71920008 14.57699904 4.73520008 14.57699904 0 P 0
L 3.71920008 15.59299904 4.73520008 15.59299904 0 P 0
L 3.81 -0.762 4.064 -0.762 0 P 0
L 3.81 -1.016 4.064 -0.762 0 P 0
L 3.81 -1.016 4.064 -1.27 0 P 0
L 3.81 -1.27 4.064 -1.27 0 P 0
L 3.81 3.81 4.064 3.81 0 P 0
L 3.81 4.064 4.064 3.81 0 P 0
L 3.81 4.064 4.064 4.318 0 P 0
L 3.81 4.318 4.064 4.318 0 P 0
L 3.81 19.05 4.064 19.05 0 P 0
L 3.81 19.304 4.064 19.05 0 P 0
L 3.81 19.304 4.064 19.558 0 P 0
L 3.81 19.558 4.064 19.558 0 P 0
L 3.81 24.13 4.064 24.13 0 P 0
L 3.81 24.384 4.064 24.13 0 P 0
L 3.81 24.384 4.064 24.638 0 P 0
L 3.81 24.638 4.064 24.638 0 P 0
L 4.318 1.27 4.572 1.27 0 P 0
L 4.318 1.27 4.572 1.524 0 P 0
L 4.318 1.778 4.572 1.524 0 P 0
L 4.318 1.778 4.572 1.778 0 P 0
L 4.318 21.59 4.572 21.59 0 P 0
L 4.318 21.59 4.572 21.844 0 P 0
L 4.318 22.098 4.572 21.844 0 P 0
L 4.318 22.098 4.572 22.098 0 P 0
L 4.572 1.27 4.826 1.016 0 P 0
L 4.572 1.778 4.826 2.032 0 P 0
L 4.572 21.59 4.826 21.336 0 P 0
L 4.572 22.098 4.826 22.352 0 P 0
L 4.73520008 11.07699842 4.73520008 12.09299842 0 P 0
L 4.73520008 14.57699904 4.73520008 15.59299904 0 P 0
L 4.826 1.016 5.08 1.27 0 P 0
L 4.826 2.032 5.08 1.778 0 P 0
L 4.826 21.336 5.08 21.59 0 P 0
L 4.826 22.352 5.08 22.098 0 P 0
L 5.08 1.27 5.334 1.27 0 P 0
L 5.08 1.524 5.334 1.27 0 P 0
L 5.08 1.524 5.334 1.778 0 P 0
L 5.08 1.778 5.334 1.778 0 P 0
L 5.08 21.59 5.334 21.59 0 P 0
L 5.08 21.844 5.334 21.59 0 P 0
L 5.08 21.844 5.334 22.098 0 P 0
L 5.08 22.098 5.334 22.098 0 P 0
L 5.588 -0.762 5.842 -0.762 0 P 0
L 5.588 -0.762 5.842 -1.016 0 P 0
L 5.588 -1.27 5.842 -1.016 0 P 0
L 5.588 -1.27 5.842 -1.27 0 P 0
L 5.588 3.81 5.842 3.81 0 P 0
L 5.588 3.81 5.842 4.064 0 P 0
L 5.588 4.318 5.842 4.064 0 P 0
L 5.588 4.318 5.842 4.318 0 P 0
L 5.588 19.05 5.842 19.05 0 P 0
L 5.588 19.05 5.842 19.304 0 P 0
L 5.588 19.558 5.842 19.304 0 P 0
L 5.588 19.558 5.842 19.558 0 P 0
L 5.588 24.13 5.842 24.13 0 P 0
L 5.588 24.13 5.842 24.384 0 P 0
L 5.588 24.638 5.842 24.384 0 P 0
L 5.588 24.638 5.842 24.638 0 P 0
L 5.842 -0.762 6.096 -0.508 0 P 0
L 5.842 -1.27 6.096 -1.524 0 P 0
L 5.842 3.81 6.096 3.556 0 P 0
L 5.842 4.318 6.096 4.572 0 P 0
L 5.842 19.05 6.096 18.796 0 P 0
L 5.842 19.558 6.096 19.812 0 P 0
L 5.842 24.13 6.096 23.876 0 P 0
L 5.842 24.638 6.096 24.892 0 P 0
L 6.096 -0.508 6.35 -0.762 0 P 0
L 6.096 -1.524 6.35 -1.27 0 P 0
L 6.096 3.556 6.35 3.81 0 P 0
L 6.096 4.572 6.35 4.318 0 P 0
L 6.096 18.796 6.35 19.05 0 P 0
L 6.096 19.812 6.35 19.558 0 P 0
L 6.096 23.876 6.35 24.13 0 P 0
L 6.096 24.892 6.35 24.638 0 P 0
L 6.35 -0.762 6.604 -0.762 0 P 0
L 6.35 -1.016 6.604 -0.762 0 P 0
L 6.35 -1.016 6.604 -1.27 0 P 0
L 6.35 -1.27 6.604 -1.27 0 P 0
L 6.35 3.81 6.604 3.81 0 P 0
L 6.35 4.064 6.604 3.81 0 P 0
L 6.35 4.064 6.604 4.318 0 P 0
L 6.35 4.318 6.604 4.318 0 P 0
L 6.35 19.05 6.604 19.05 0 P 0
L 6.35 19.304 6.604 19.05 0 P 0
L 6.35 19.304 6.604 19.558 0 P 0
L 6.35 19.558 6.604 19.558 0 P 0
L 6.35 24.13 6.604 24.13 0 P 0
L 6.35 24.384 6.604 24.13 0 P 0
L 6.35 24.384 6.604 24.638 0 P 0
L 6.35 24.638 6.604 24.638 0 P 0
L 6.858 1.27 7.112 1.27 0 P 0
L 6.858 1.27 7.112 1.524 0 P 0
L 6.858 1.778 7.112 1.524 0 P 0
L 6.858 1.778 7.112 1.778 0 P 0
L 6.858 21.59 7.112 21.59 0 P 0
L 6.858 21.59 7.112 21.844 0 P 0
L 6.858 22.098 7.112 21.844 0 P 0
L 6.858 22.098 7.112 22.098 0 P 0
L 7.112 1.27 7.366 1.016 0 P 0
L 7.112 1.778 7.366 2.032 0 P 0
L 7.112 21.59 7.366 21.336 0 P 0
L 7.112 22.098 7.366 22.352 0 P 0
L 7.366 1.016 7.62 1.27 0 P 0
L 7.366 2.032 7.62 1.778 0 P 0
L 7.366 21.336 7.62 21.59 0 P 0
L 7.366 22.352 7.62 22.098 0 P 0
L 7.62 1.27 7.874 1.27 0 P 0
L 7.62 1.524 7.874 1.27 0 P 0
L 7.62 1.524 7.874 1.778 0 P 0
L 7.62 1.778 7.874 1.778 0 P 0
L 7.62 21.59 7.874 21.59 0 P 0
L 7.62 21.844 7.874 21.59 0 P 0
L 7.62 21.844 7.874 22.098 0 P 0
L 7.62 22.098 7.874 22.098 0 P 0
L 8.001 5.08 8.255 5.08 0 P 0
L 8.001 5.08 8.255 5.334 0 P 0
L 8.001 5.588 8.255 5.334 0 P 0
L 8.001 5.588 8.255 5.588 0 P 0
L 8.128 -0.762 8.382 -0.762 0 P 0
L 8.128 -0.762 8.382 -1.016 0 P 0
L 8.128 -1.27 8.382 -1.016 0 P 0
L 8.128 -1.27 8.382 -1.27 0 P 0
L 8.128 3.81 8.382 3.81 0 P 0
L 8.128 3.81 8.382 4.064 0 P 0
L 8.128 4.318 8.382 4.064 0 P 0
L 8.128 4.318 8.382 4.318 0 P 0
L 8.128 6.731 8.382 6.731 0 P 0
L 8.128 6.731 8.382 6.985 0 P 0
L 8.128 7.239 8.382 6.985 0 P 0
L 8.128 7.239 8.382 7.239 0 P 0
L 8.128 7.747 8.382 7.747 0 P 0
L 8.128 7.747 8.382 8.001 0 P 0
L 8.128 8.255 8.382 8.001 0 P 0
L 8.128 8.255 8.382 8.255 0 P 0
L 8.128 8.89 8.382 8.89 0 P 0
L 8.128 8.89 8.382 9.144 0 P 0
L 8.128 9.398 8.382 9.144 0 P 0
L 8.128 9.398 8.382 9.398 0 P 0
L 8.128 18.796 8.382 18.796 0 P 0
L 8.128 18.796 8.382 19.05 0 P 0
L 8.128 19.304 8.382 19.05 0 P 0
L 8.128 19.304 8.382 19.304 0 P 0
L 8.128 20.066 8.382 20.066 0 P 0
L 8.128 20.066 8.382 20.32 0 P 0
L 8.128 20.574 8.382 20.32 0 P 0
L 8.128 20.574 8.382 20.574 0 P 0
L 8.255 5.08 8.509 4.826 0 P 0
L 8.255 5.588 8.509 5.842 0 P 0
L 8.382 -0.762 8.636 -0.508 0 P 0
L 8.382 -1.27 8.636 -1.524 0 P 0
L 8.382 3.81 8.636 3.556 0 P 0
L 8.382 4.318 8.636 4.572 0 P 0
L 8.382 6.731 8.636 6.477 0 P 0
L 8.382 7.239 8.636 7.493 0 P 0
L 8.382 7.747 8.636 7.493 0 P 0
L 8.382 8.255 8.636 8.509 0 P 0
L 8.382 8.89 8.636 8.636 0 P 0
L 8.382 9.398 8.636 9.652 0 P 0
L 8.382 17.145 8.636 17.145 0 P 0
L 8.382 17.145 8.636 17.399 0 P 0
L 8.382 17.653 8.636 17.399 0 P 0
L 8.382 17.653 8.636 17.653 0 P 0
L 8.382 18.796 8.636 18.542 0 P 0
L 8.382 19.304 8.636 19.558 0 P 0
L 8.382 20.066 8.636 19.812 0 P 0
L 8.382 20.574 8.636 20.828 0 P 0
L 8.509 4.826 8.763 5.08 0 P 0
L 8.509 5.842 8.763 5.588 0 P 0
L 8.636 -0.508 8.89 -0.762 0 P 0
L 8.636 -1.524 8.89 -1.27 0 P 0
L 8.636 3.556 8.89 3.81 0 P 0
L 8.636 4.572 8.89 4.318 0 P 0
L 8.636 6.477 8.89 6.731 0 P 0
L 8.636 7.493 8.89 7.239 0 P 0
L 8.636 7.493 8.89 7.747 0 P 0
L 8.636 8.509 8.89 8.255 0 P 0
L 8.636 8.636 8.89 8.89 0 P 0
L 8.636 9.652 8.89 9.398 0 P 0
L 8.636 17.145 8.89 16.891 0 P 0
L 8.636 17.653 8.89 17.907 0 P 0
L 8.636 18.542 8.89 18.796 0 P 0
L 8.636 19.558 8.89 19.304 0 P 0
L 8.636 19.812 8.89 20.066 0 P 0
L 8.636 20.828 8.89 20.574 0 P 0
L 8.763 5.08 9.017 5.08 0 P 0
L 8.763 5.334 9.017 5.08 0 P 0
L 8.763 5.334 9.017 5.588 0 P 0
L 8.763 5.588 9.017 5.588 0 P 0
L 8.89 -0.762 9.144 -0.762 0 P 0
L 8.89 -1.016 9.144 -0.762 0 P 0
L 8.89 -1.016 9.144 -1.27 0 P 0
L 8.89 -1.27 9.144 -1.27 0 P 0
L 8.89 3.81 9.144 3.81 0 P 0
L 8.89 4.064 9.144 3.81 0 P 0
L 8.89 4.064 9.144 4.318 0 P 0
L 8.89 4.318 9.144 4.318 0 P 0
L 8.89 6.731 9.144 6.731 0 P 0
L 8.89 6.985 9.144 6.731 0 P 0
L 8.89 6.985 9.144 7.239 0 P 0
L 8.89 7.239 9.144 7.239 0 P 0
L 8.89 7.747 9.144 7.747 0 P 0
L 8.89 8.001 9.144 7.747 0 P 0
L 8.89 8.001 9.144 8.255 0 P 0
L 8.89 8.255 9.144 8.255 0 P 0
L 8.89 8.89 9.144 8.89 0 P 0
L 8.89 9.144 9.144 8.89 0 P 0
L 8.89 9.144 9.144 9.398 0 P 0
L 8.89 9.398 9.144 9.398 0 P 0
L 8.89 16.891 9.144 17.145 0 P 0
L 8.89 17.907 9.144 17.653 0 P 0
L 8.89 18.796 9.144 18.796 0 P 0
L 8.89 19.05 9.144 18.796 0 P 0
L 8.89 19.05 9.144 19.304 0 P 0
L 8.89 19.304 9.144 19.304 0 P 0
L 8.89 20.066 9.144 20.066 0 P 0
L 8.89 20.32 9.144 20.066 0 P 0
L 8.89 20.32 9.144 20.574 0 P 0
L 8.89 20.574 9.144 20.574 0 P 0
L 9.017 -0.127 9.271 -0.127 0 P 0
L 9.017 -0.127 9.271 -0.381 0 P 0
L 9.017 -0.635 9.271 -0.381 0 P 0
L 9.017 -0.635 9.271 -0.635 0 P 0
L 9.017 -0.889 9.271 -0.889 0 P 0
L 9.017 -0.889 9.271 -1.143 0 P 0
L 9.017 -1.397 9.271 -1.143 0 P 0
L 9.017 -1.397 9.271 -1.397 0 P 0
L 9.017 0.889 9.271 0.889 0 P 0
L 9.017 0.889 9.271 1.143 0 P 0
L 9.017 1.397 9.271 1.143 0 P 0
L 9.017 1.397 9.271 1.397 0 P 0
L 9.017 1.778 9.271 1.778 0 P 0
L 9.017 1.778 9.271 2.032 0 P 0
L 9.017 2.286 9.271 2.032 0 P 0
L 9.017 2.286 9.271 2.286 0 P 0
L 9.017 2.794 9.271 2.794 0 P 0
L 9.017 2.794 9.271 3.048 0 P 0
L 9.017 3.302 9.271 3.048 0 P 0
L 9.017 3.302 9.271 3.302 0 P 0
L 9.017 4.318 9.271 4.318 0 P 0
L 9.017 4.318 9.271 4.572 0 P 0
L 9.017 4.826 9.271 4.572 0 P 0
L 9.017 4.826 9.271 4.826 0 P 0
L 9.017 5.08 9.271 5.08 0 P 0
L 9.017 5.08 9.271 5.334 0 P 0
L 9.017 5.588 9.271 5.334 0 P 0
L 9.017 5.588 9.271 5.588 0 P 0
L 9.017 20.193 9.271 20.193 0 P 0
L 9.017 20.193 9.271 20.447 0 P 0
L 9.017 20.701 9.271 20.447 0 P 0
L 9.017 20.701 9.271 20.701 0 P 0
L 9.017 21.971 9.271 21.971 0 P 0
L 9.017 21.971 9.271 22.225 0 P 0
L 9.017 22.479 9.271 22.225 0 P 0
L 9.017 22.479 9.271 22.479 0 P 0
L 9.017 22.86 9.271 22.86 0 P 0
L 9.017 22.86 9.271 23.114 0 P 0
L 9.017 23.368 9.271 23.114 0 P 0
L 9.017 23.368 9.271 23.368 0 P 0
L 9.017 23.876 9.271 23.876 0 P 0
L 9.017 23.876 9.271 24.13 0 P 0
L 9.017 24.384 9.271 24.13 0 P 0
L 9.017 24.384 9.271 24.384 0 P 0
L 9.017 25.527 9.271 25.527 0 P 0
L 9.017 25.527 9.271 25.781 0 P 0
L 9.017 26.035 9.271 25.781 0 P 0
L 9.017 26.035 9.271 26.035 0 P 0
L 9.017 26.416 9.271 26.416 0 P 0
L 9.017 26.416 9.271 26.67 0 P 0
L 9.017 26.924 9.271 26.67 0 P 0
L 9.017 26.924 9.271 26.924 0 P 0
L 9.144 17.145 9.398 17.145 0 P 0
L 9.144 17.399 9.398 17.145 0 P 0
L 9.144 17.399 9.398 17.653 0 P 0
L 9.144 17.653 9.398 17.653 0 P 0
L 9.271 -0.127 9.525 0.127 0 P 0
L 9.271 -0.635 9.525 -0.889 0 P 0
L 9.271 -0.889 9.525 -0.635 0 P 0
L 9.271 -1.397 9.525 -1.651 0 P 0
L 9.271 0.889 9.525 0.635 0 P 0
L 9.271 1.397 9.525 1.651 0 P 0
L 9.271 1.778 9.525 1.524 0 P 0
L 9.271 2.286 9.525 2.54 0 P 0
L 9.271 2.794 9.525 2.54 0 P 0
L 9.271 3.302 9.525 3.556 0 P 0
L 9.271 4.318 9.525 4.064 0 P 0
L 9.271 4.826 9.525 5.08 0 P 0
L 9.271 5.08 9.525 4.826 0 P 0
L 9.271 5.588 9.525 5.842 0 P 0
L 9.271 20.193 9.525 19.939 0 P 0
L 9.271 20.701 9.525 20.955 0 P 0
L 9.271 21.971 9.525 21.717 0 P 0
L 9.271 22.479 9.525 22.733 0 P 0
L 9.271 22.86 9.525 22.606 0 P 0
L 9.271 23.368 9.525 23.622 0 P 0
L 9.271 23.876 9.525 23.622 0 P 0
L 9.271 24.384 9.525 24.638 0 P 0
L 9.271 25.527 9.525 25.273 0 P 0
L 9.271 26.035 9.525 26.289 0 P 0
L 9.271 26.416 9.525 26.162 0 P 0
L 9.271 26.924 9.525 27.178 0 P 0
L 9.525 -0.635 9.779 -0.889 0 P 0
L 9.525 -0.889 9.779 -0.635 0 P 0
L 9.525 -1.651 9.779 -1.397 0 P 0
L 9.525 0.127 9.779 -0.127 0 P 0
L 9.525 0.635 9.779 0.889 0 P 0
L 9.525 1.524 9.779 1.778 0 P 0
L 9.525 1.651 9.779 1.397 0 P 0
L 9.525 2.54 9.779 2.286 0 P 0
L 9.525 2.54 9.779 2.794 0 P 0
L 9.525 3.556 9.779 3.302 0 P 0
L 9.525 4.064 9.779 4.318 0 P 0
L 9.525 4.826 9.779 5.08 0 P 0
L 9.525 5.08 9.779 4.826 0 P 0
L 9.525 5.842 9.779 5.588 0 P 0
L 9.525 19.939 9.779 20.193 0 P 0
L 9.525 20.955 9.779 20.701 0 P 0
L 9.525 21.717 9.779 21.971 0 P 0
L 9.525 22.606 9.779 22.86 0 P 0
L 9.525 22.733 9.779 22.479 0 P 0
L 9.525 23.622 9.779 23.368 0 P 0
L 9.525 23.622 9.779 23.876 0 P 0
L 9.525 24.638 9.779 24.384 0 P 0
L 9.525 25.273 9.779 25.527 0 P 0
L 9.525 26.162 9.779 26.416 0 P 0
L 9.525 26.289 9.779 26.035 0 P 0
L 9.525 27.178 9.779 26.924 0 P 0
L 9.779 -0.127 10.033 -0.127 0 P 0
L 9.779 -0.381 10.033 -0.127 0 P 0
L 9.779 -0.381 10.033 -0.635 0 P 0
L 9.779 -0.635 10.033 -0.635 0 P 0
L 9.779 -0.889 10.033 -0.889 0 P 0
L 9.779 -1.143 10.033 -0.889 0 P 0
L 9.779 -1.143 10.033 -1.397 0 P 0
L 9.779 -1.397 10.033 -1.397 0 P 0
L 9.779 -1.524 10.033 -1.524 0 P 0
L 9.779 -1.524 10.033 -1.778 0 P 0
L 9.779 -2.032 10.033 -1.778 0 P 0
L 9.779 -2.032 10.033 -2.032 0 P 0
L 9.779 0.889 10.033 0.889 0 P 0
L 9.779 1.143 10.033 0.889 0 P 0
L 9.779 1.143 10.033 1.397 0 P 0
L 9.779 1.397 10.033 1.397 0 P 0
L 9.779 1.778 10.033 1.778 0 P 0
L 9.779 2.032 10.033 1.778 0 P 0
L 9.779 2.032 10.033 2.286 0 P 0
L 9.779 2.286 10.033 2.286 0 P 0
L 9.779 2.794 10.033 2.794 0 P 0
L 9.779 3.048 10.033 2.794 0 P 0
L 9.779 3.048 10.033 3.302 0 P 0
L 9.779 3.302 10.033 3.302 0 P 0
L 9.779 4.318 10.033 4.318 0 P 0
L 9.779 4.572 10.033 4.318 0 P 0
L 9.779 4.572 10.033 4.826 0 P 0
L 9.779 4.826 10.033 4.826 0 P 0
L 9.779 5.08 10.033 5.08 0 P 0
L 9.779 5.334 10.033 5.08 0 P 0
L 9.779 5.334 10.033 5.588 0 P 0
L 9.779 5.588 10.033 5.588 0 P 0
L 9.779 20.193 10.033 20.193 0 P 0
L 9.779 20.447 10.033 20.193 0 P 0
L 9.779 20.447 10.033 20.701 0 P 0
L 9.779 20.701 10.033 20.701 0 P 0
L 9.779 21.971 10.033 21.971 0 P 0
L 9.779 22.225 10.033 21.971 0 P 0
L 9.779 22.225 10.033 22.479 0 P 0
L 9.779 22.479 10.033 22.479 0 P 0
L 9.779 22.86 10.033 22.86 0 P 0
L 9.779 23.114 10.033 22.86 0 P 0
L 9.779 23.114 10.033 23.368 0 P 0
L 9.779 23.368 10.033 23.368 0 P 0
L 9.779 23.876 10.033 23.876 0 P 0
L 9.779 24.13 10.033 23.876 0 P 0
L 9.779 24.13 10.033 24.384 0 P 0
L 9.779 24.384 10.033 24.384 0 P 0
L 9.779 25.527 10.033 25.527 0 P 0
L 9.779 25.781 10.033 25.527 0 P 0
L 9.779 25.781 10.033 26.035 0 P 0
L 9.779 26.035 10.033 26.035 0 P 0
L 9.779 26.416 10.033 26.416 0 P 0
L 9.779 26.67 10.033 26.416 0 P 0
L 9.779 26.67 10.033 26.924 0 P 0
L 9.779 26.924 10.033 26.924 0 P 0
L 9.779 26.924 10.033 26.924 0 P 0
L 9.779 26.924 10.033 27.178 0 P 0
L 9.779 27.432 10.033 27.178 0 P 0
L 9.779 27.432 10.033 27.432 0 P 0
L 10.033 -1.524 10.287 -1.27 0 P 0
L 10.033 -2.032 10.287 -2.286 0 P 0
L 10.033 26.924 10.287 26.67 0 P 0
L 10.033 27.432 10.287 27.686 0 P 0
L 10.287 -1.27 10.541 -1.524 0 P 0
L 10.287 -2.286 10.541 -2.032 0 P 0
L 10.287 26.67 10.541 26.924 0 P 0
L 10.287 27.686 10.541 27.432 0 P 0
L 10.541 -1.524 10.795 -1.524 0 P 0
L 10.541 -1.778 10.795 -1.524 0 P 0
L 10.541 -1.778 10.795 -2.032 0 P 0
L 10.541 -2.032 10.795 -2.032 0 P 0
L 10.541 26.924 10.795 26.924 0 P 0
L 10.541 27.178 10.795 26.924 0 P 0
L 10.541 27.178 10.795 27.432 0 P 0
L 10.541 27.432 10.795 27.432 0 P 0
L 11.049 -1.524 11.303 -1.524 0 P 0
L 11.049 -1.524 11.303 -1.778 0 P 0
L 11.049 -2.032 11.303 -1.778 0 P 0
L 11.049 -2.032 11.303 -2.032 0 P 0
L 11.176 26.924 11.43 26.924 0 P 0
L 11.176 26.924 11.43 27.178 0 P 0
L 11.176 27.432 11.43 27.178 0 P 0
L 11.176 27.432 11.43 27.432 0 P 0
L 11.303 -1.524 11.557 -1.27 0 P 0
L 11.303 -2.032 11.557 -2.286 0 P 0
L 11.43 26.924 11.684 26.67 0 P 0
L 11.43 27.432 11.684 27.686 0 P 0
L 11.557 -1.27 11.811 -1.524 0 P 0
L 11.557 -2.286 11.811 -2.032 0 P 0
L 11.684 26.67 11.938 26.924 0 P 0
L 11.684 27.686 11.938 27.432 0 P 0
L 11.811 -1.524 12.065 -1.524 0 P 0
L 11.811 -1.778 12.065 -1.524 0 P 0
L 11.811 -1.778 12.065 -2.032 0 P 0
L 11.811 -2.032 12.065 -2.032 0 P 0
L 11.938 26.924 12.192 26.924 0 P 0
L 11.938 27.178 12.192 26.924 0 P 0
L 11.938 27.178 12.192 27.432 0 P 0
L 11.938 27.432 12.192 27.432 0 P 0
L 17.3355 12.3698 17.5895 12.3698 0 P 0
L 17.3355 12.3698 17.5895 12.6238 0 P 0
L 17.3355 12.8778 17.5895 12.6238 0 P 0
L 17.3355 12.8778 17.5895 12.8778 0 P 0
L 17.5895 12.3698 17.8435 12.1158 0 P 0
L 17.5895 12.8778 17.8435 13.1318 0 P 0
L 17.8435 12.1158 18.0975 12.3698 0 P 0
L 17.8435 13.1318 18.0975 12.8778 0 P 0
L 18.0721 12.3698 18.3261 12.3698 0 P 0
L 18.0721 12.3698 18.3261 12.6238 0 P 0
L 18.0721 12.8778 18.3261 12.6238 0 P 0
L 18.0721 12.8778 18.3261 12.8778 0 P 0
L 18.0975 12.3698 18.3515 12.3698 0 P 0
L 18.0975 12.6238 18.3515 12.3698 0 P 0
L 18.0975 12.6238 18.3515 12.8778 0 P 0
L 18.0975 12.8778 18.3515 12.8778 0 P 0
L 18.3261 12.3698 18.5801 12.1158 0 P 0
L 18.3261 12.8778 18.5801 13.1318 0 P 0
L 18.5801 12.1158 18.8341 12.3698 0 P 0
L 18.5801 13.1318 18.8341 12.8778 0 P 0
L 18.8341 12.3698 19.0881 12.3698 0 P 0
L 18.8341 12.6238 19.0881 12.3698 0 P 0
L 18.8341 12.6238 19.0881 12.8778 0 P 0
L 18.8341 12.8778 19.0881 12.8778 0 P 0
L 19.685 16.637 19.939 16.637 0 P 0
L 19.685 16.637 19.939 16.891 0 P 0
L 19.685 17.145 19.939 16.891 0 P 0
L 19.685 17.145 19.939 17.145 0 P 0
L 19.685 18.542 19.939 18.542 0 P 0
L 19.685 18.542 19.939 18.796 0 P 0
L 19.685 19.05 19.939 18.796 0 P 0
L 19.685 19.05 19.939 19.05 0 P 0
L 19.812 6.223 20.066 6.223 0 P 0
L 19.812 6.223 20.066 6.477 0 P 0
L 19.812 6.731 20.066 6.477 0 P 0
L 19.812 6.731 20.066 6.731 0 P 0
L 19.812 8.128 20.066 8.128 0 P 0
L 19.812 8.128 20.066 8.382 0 P 0
L 19.812 8.636 20.066 8.382 0 P 0
L 19.812 8.636 20.066 8.636 0 P 0
L 19.939 16.637 20.193 16.383 0 P 0
L 19.939 17.145 20.193 17.399 0 P 0
L 19.939 18.542 20.193 18.288 0 P 0
L 19.939 19.05 20.193 19.304 0 P 0
L 20.066 6.223 20.32 5.969 0 P 0
L 20.066 6.731 20.32 6.985 0 P 0
L 20.066 8.128 20.32 7.874 0 P 0
L 20.066 8.636 20.32 8.89 0 P 0
L 20.193 16.383 20.447 16.637 0 P 0
L 20.193 17.399 20.447 17.145 0 P 0
L 20.193 18.288 20.447 18.542 0 P 0
L 20.193 19.304 20.447 19.05 0 P 0
L 20.32 5.969 20.574 6.223 0 P 0
L 20.32 6.985 20.574 6.731 0 P 0
L 20.32 7.874 20.574 8.128 0 P 0
L 20.32 8.89 20.574 8.636 0 P 0
L 20.447 16.637 20.701 16.637 0 P 0
L 20.447 16.891 20.701 16.637 0 P 0
L 20.447 16.891 20.701 17.145 0 P 0
L 20.447 17.145 20.701 17.145 0 P 0
L 20.447 18.542 20.701 18.542 0 P 0
L 20.447 18.796 20.701 18.542 0 P 0
L 20.447 18.796 20.701 19.05 0 P 0
L 20.447 19.05 20.701 19.05 0 P 0
L 20.447 26.924 20.701 26.924 0 P 0
L 20.447 26.924 20.701 27.178 0 P 0
L 20.447 27.432 20.701 27.178 0 P 0
L 20.447 27.432 20.701 27.432 0 P 0
L 20.574 6.223 20.828 6.223 0 P 0
L 20.574 6.477 20.828 6.223 0 P 0
L 20.574 6.477 20.828 6.731 0 P 0
L 20.574 6.731 20.828 6.731 0 P 0
L 20.574 8.128 20.828 8.128 0 P 0
L 20.574 8.382 20.828 8.128 0 P 0
L 20.574 8.382 20.828 8.636 0 P 0
L 20.574 8.636 20.828 8.636 0 P 0
L 20.574 18.415 20.828 18.415 0 P 0
L 20.574 18.415 20.828 18.669 0 P 0
L 20.574 18.923 20.828 18.669 0 P 0
L 20.574 18.923 20.828 18.923 0 P 0
L 20.701 26.924 20.955 26.67 0 P 0
L 20.701 27.432 20.955 27.686 0 P 0
L 20.828 18.415 21.082 18.161 0 P 0
L 20.828 18.923 21.082 19.177 0 P 0
L 20.955 5.969 21.209 5.969 0 P 0
L 20.955 5.969 21.209 6.223 0 P 0
L 20.955 6.477 21.209 6.223 0 P 0
L 20.955 6.477 21.209 6.477 0 P 0
L 20.955 26.67 21.209 26.924 0 P 0
L 20.955 27.686 21.209 27.432 0 P 0
L 21.082 18.161 21.336 18.415 0 P 0
L 21.082 19.177 21.336 18.923 0 P 0
L 21.082 19.177 21.336 19.177 0 P 0
L 21.082 19.177 21.336 19.431 0 P 0
L 21.082 19.685 21.336 19.431 0 P 0
L 21.082 19.685 21.336 19.685 0 P 0
L 21.209 -1.397 21.463 -1.397 0 P 0
L 21.209 -1.397 21.463 -1.651 0 P 0
L 21.209 -1.905 21.463 -1.651 0 P 0
L 21.209 -1.905 21.463 -1.905 0 P 0
L 21.209 5.969 21.463 5.715 0 P 0
L 21.209 6.477 21.463 6.731 0 P 0
L 21.209 26.924 21.463 26.924 0 P 0
L 21.209 27.178 21.463 26.924 0 P 0
L 21.209 27.178 21.463 27.432 0 P 0
L 21.209 27.432 21.463 27.432 0 P 0
L 21.336 18.415 21.59 18.415 0 P 0
L 21.336 18.669 21.59 18.415 0 P 0
L 21.336 18.669 21.59 18.923 0 P 0
L 21.336 18.923 21.59 18.923 0 P 0
L 21.336 19.177 21.59 18.923 0 P 0
L 21.336 19.685 21.59 19.939 0 P 0
L 21.463 -1.397 21.717 -1.143 0 P 0
L 21.463 -1.905 21.717 -2.159 0 P 0
L 21.463 5.715 21.717 5.969 0 P 0
L 21.463 6.731 21.717 6.477 0 P 0
L 21.59 18.923 21.844 19.177 0 P 0
L 21.59 19.939 21.844 19.685 0 P 0
L 21.717 -1.143 21.971 -1.397 0 P 0
L 21.717 -2.159 21.971 -1.905 0 P 0
L 21.717 5.969 21.971 5.969 0 P 0
L 21.717 6.223 21.971 5.969 0 P 0
L 21.717 6.223 21.971 6.477 0 P 0
L 21.717 6.477 21.971 6.477 0 P 0
L 21.844 19.177 22.098 19.177 0 P 0
L 21.844 19.431 22.098 19.177 0 P 0
L 21.844 19.431 22.098 19.685 0 P 0
L 21.844 19.685 22.098 19.685 0 P 0
L 21.844 26.924 22.098 26.924 0 P 0
L 21.844 26.924 22.098 27.178 0 P 0
L 21.844 27.432 22.098 27.178 0 P 0
L 21.844 27.432 22.098 27.432 0 P 0
L 21.971 -1.397 22.225 -1.397 0 P 0
L 21.971 -1.651 22.225 -1.397 0 P 0
L 21.971 -1.651 22.225 -1.905 0 P 0
L 21.971 -1.905 22.225 -1.905 0 P 0
L 22.098 6.35 22.352 6.35 0 P 0
L 22.098 6.35 22.352 6.604 0 P 0
L 22.098 6.858 22.352 6.604 0 P 0
L 22.098 6.858 22.352 6.858 0 P 0
L 22.098 26.924 22.352 26.67 0 P 0
L 22.098 27.432 22.352 27.686 0 P 0
L 22.352 6.35 22.606 6.096 0 P 0
L 22.352 6.858 22.606 7.112 0 P 0
L 22.352 26.67 22.606 26.924 0 P 0
L 22.352 27.686 22.606 27.432 0 P 0
L 22.606 6.096 22.86 6.35 0 P 0
L 22.606 7.112 22.86 6.858 0 P 0
L 22.606 26.924 22.86 26.924 0 P 0
L 22.606 27.178 22.86 26.924 0 P 0
L 22.606 27.178 22.86 27.432 0 P 0
L 22.606 27.432 22.86 27.432 0 P 0
L 22.733 -1.524 22.987 -1.524 0 P 0
L 22.733 -1.524 22.987 -1.778 0 P 0
L 22.733 -2.032 22.987 -1.778 0 P 0
L 22.733 -2.032 22.987 -2.032 0 P 0
L 22.733 19.812 22.987 19.812 0 P 0
L 22.733 19.812 22.987 20.066 0 P 0
L 22.733 20.32 22.987 20.066 0 P 0
L 22.733 20.32 22.987 20.32 0 P 0
L 22.733 20.574 22.987 20.574 0 P 0
L 22.733 20.574 22.987 20.828 0 P 0
L 22.733 21.082 22.987 20.828 0 P 0
L 22.733 21.082 22.987 21.082 0 P 0
L 22.733 22.225 22.987 22.225 0 P 0
L 22.733 22.225 22.987 22.479 0 P 0
L 22.733 22.733 22.987 22.479 0 P 0
L 22.733 22.733 22.987 22.733 0 P 0
L 22.733 23.114 22.987 23.114 0 P 0
L 22.733 23.114 22.987 23.368 0 P 0
L 22.733 23.622 22.987 23.368 0 P 0
L 22.733 23.622 22.987 23.622 0 P 0
L 22.733 23.876 22.987 23.876 0 P 0
L 22.733 23.876 22.987 24.13 0 P 0
L 22.733 24.384 22.987 24.13 0 P 0
L 22.733 24.384 22.987 24.384 0 P 0
L 22.733 25.4 22.987 25.4 0 P 0
L 22.733 25.4 22.987 25.654 0 P 0
L 22.733 25.908 22.987 25.654 0 P 0
L 22.733 25.908 22.987 25.908 0 P 0
L 22.733 26.289 22.987 26.289 0 P 0
L 22.733 26.289 22.987 26.543 0 P 0
L 22.733 26.797 22.987 26.543 0 P 0
L 22.733 26.797 22.987 26.797 0 P 0
L 22.86 -0.381 23.114 -0.381 0 P 0
L 22.86 -0.381 23.114 -0.635 0 P 0
L 22.86 -0.889 23.114 -0.635 0 P 0
L 22.86 -0.889 23.114 -0.889 0 P 0
L 22.86 1.27 23.114 1.27 0 P 0
L 22.86 1.27 23.114 1.524 0 P 0
L 22.86 1.778 23.114 1.524 0 P 0
L 22.86 1.778 23.114 1.778 0 P 0
L 22.86 6.35 23.114 6.35 0 P 0
L 22.86 6.604 23.114 6.35 0 P 0
L 22.86 6.604 23.114 6.858 0 P 0
L 22.86 6.858 23.114 6.858 0 P 0
L 22.987 -1.524 23.241 -1.27 0 P 0
L 22.987 -2.032 23.241 -2.286 0 P 0
L 22.987 19.812 23.241 19.558 0 P 0
L 22.987 20.32 23.241 20.574 0 P 0
L 22.987 20.574 23.241 20.32 0 P 0
L 22.987 21.082 23.241 21.336 0 P 0
L 22.987 22.225 23.241 21.971 0 P 0
L 22.987 22.733 23.241 22.987 0 P 0
L 22.987 23.114 23.241 22.86 0 P 0
L 22.987 23.622 23.241 23.876 0 P 0
L 22.987 23.876 23.241 23.622 0 P 0
L 22.987 24.384 23.241 24.638 0 P 0
L 22.987 25.4 23.241 25.146 0 P 0
L 22.987 25.908 23.241 26.162 0 P 0
L 22.987 26.289 23.241 26.035 0 P 0
L 22.987 26.797 23.241 27.051 0 P 0
L 23.114 -0.381 23.368 -0.127 0 P 0
L 23.114 -0.889 23.368 -1.143 0 P 0
L 23.114 1.27 23.368 1.016 0 P 0
L 23.114 1.778 23.368 2.032 0 P 0
L 23.114 4.318 23.368 4.318 0 P 0
L 23.114 4.318 23.368 4.572 0 P 0
L 23.114 4.826 23.368 4.572 0 P 0
L 23.114 4.826 23.368 4.826 0 P 0
L 23.114 5.207 23.368 5.207 0 P 0
L 23.114 5.207 23.368 5.461 0 P 0
L 23.114 5.715 23.368 5.461 0 P 0
L 23.114 5.715 23.368 5.715 0 P 0
L 23.241 -1.27 23.495 -1.524 0 P 0
L 23.241 -2.286 23.495 -2.032 0 P 0
L 23.241 19.558 23.495 19.812 0 P 0
L 23.241 20.32 23.495 20.574 0 P 0
L 23.241 20.574 23.495 20.32 0 P 0
L 23.241 21.336 23.495 21.082 0 P 0
L 23.241 21.971 23.495 22.225 0 P 0
L 23.241 22.86 23.495 23.114 0 P 0
L 23.241 22.987 23.495 22.733 0 P 0
L 23.241 23.622 23.495 23.876 0 P 0
L 23.241 23.876 23.495 23.622 0 P 0
L 23.241 24.638 23.495 24.384 0 P 0
L 23.241 25.146 23.495 25.4 0 P 0
L 23.241 26.035 23.495 26.289 0 P 0
L 23.241 26.162 23.495 25.908 0 P 0
L 23.241 27.051 23.495 26.797 0 P 0
L 23.368 -0.127 23.622 -0.381 0 P 0
L 23.368 -1.143 23.622 -0.889 0 P 0
L 23.368 1.016 23.622 1.27 0 P 0
L 23.368 2.032 23.622 1.778 0 P 0
L 23.368 4.318 23.622 4.064 0 P 0
L 23.368 4.826 23.622 5.08 0 P 0
L 23.368 5.207 23.622 4.953 0 P 0
L 23.368 5.715 23.622 5.969 0 P 0
L 23.368 19.05 23.622 19.05 0 P 0
L 23.368 19.05 23.622 19.304 0 P 0
L 23.368 19.558 23.622 19.304 0 P 0
L 23.368 19.558 23.622 19.558 0 P 0
L 23.495 -1.524 23.749 -1.524 0 P 0
L 23.495 -1.778 23.749 -1.524 0 P 0
L 23.495 -1.778 23.749 -2.032 0 P 0
L 23.495 -2.032 23.749 -2.032 0 P 0
L 23.495 19.812 23.749 19.812 0 P 0
L 23.495 20.066 23.749 19.812 0 P 0
L 23.495 20.066 23.749 20.32 0 P 0
L 23.495 20.32 23.749 20.32 0 P 0
L 23.495 20.574 23.749 20.574 0 P 0
L 23.495 20.828 23.749 20.574 0 P 0
L 23.495 20.828 23.749 21.082 0 P 0
L 23.495 21.082 23.749 21.082 0 P 0
L 23.495 22.225 23.749 22.225 0 P 0
L 23.495 22.479 23.749 22.225 0 P 0
L 23.495 22.479 23.749 22.733 0 P 0
L 23.495 22.733 23.749 22.733 0 P 0
L 23.495 23.114 23.749 23.114 0 P 0
L 23.495 23.368 23.749 23.114 0 P 0
L 23.495 23.368 23.749 23.622 0 P 0
L 23.495 23.622 23.749 23.622 0 P 0
L 23.495 23.876 23.749 23.876 0 P 0
L 23.495 24.13 23.749 23.876 0 P 0
L 23.495 24.13 23.749 24.384 0 P 0
L 23.495 24.384 23.749 24.384 0 P 0
L 23.495 25.4 23.749 25.4 0 P 0
L 23.495 25.654 23.749 25.4 0 P 0
L 23.495 25.654 23.749 25.908 0 P 0
L 23.495 25.908 23.749 25.908 0 P 0
L 23.495 26.289 23.749 26.289 0 P 0
L 23.495 26.543 23.749 26.289 0 P 0
L 23.495 26.543 23.749 26.797 0 P 0
L 23.495 26.797 23.749 26.797 0 P 0
L 23.622 -0.381 23.876 -0.381 0 P 0
L 23.622 -0.635 23.876 -0.381 0 P 0
L 23.622 -0.635 23.876 -0.889 0 P 0
L 23.622 -0.889 23.876 -0.889 0 P 0
L 23.622 1.27 23.876 1.27 0 P 0
L 23.622 1.524 23.876 1.27 0 P 0
L 23.622 1.524 23.876 1.778 0 P 0
L 23.622 1.778 23.876 1.778 0 P 0
L 23.622 4.064 23.876 4.318 0 P 0
L 23.622 4.953 23.876 5.207 0 P 0
L 23.622 5.08 23.876 4.826 0 P 0
L 23.622 5.969 23.876 5.715 0 P 0
L 23.622 19.05 23.876 18.796 0 P 0
L 23.622 19.558 23.876 19.812 0 P 0
L 23.876 4.318 24.13 4.318 0 P 0
L 23.876 4.572 24.13 4.318 0 P 0
L 23.876 4.572 24.13 4.826 0 P 0
L 23.876 4.826 24.13 4.826 0 P 0
L 23.876 5.207 24.13 5.207 0 P 0
L 23.876 5.461 24.13 5.207 0 P 0
L 23.876 5.461 24.13 5.715 0 P 0
L 23.876 5.715 24.13 5.715 0 P 0
L 23.876 18.796 24.13 19.05 0 P 0
L 23.876 19.812 24.13 19.558 0 P 0
L 24.13 19.05 24.384 19.05 0 P 0
L 24.13 19.304 24.384 19.05 0 P 0
L 24.13 19.304 24.384 19.558 0 P 0
L 24.13 19.558 24.384 19.558 0 P 0
L 24.638 1.27 24.892 1.27 0 P 0
L 24.638 1.27 24.892 1.524 0 P 0
L 24.638 1.778 24.892 1.524 0 P 0
L 24.638 1.778 24.892 1.778 0 P 0
L 24.638 6.35 24.892 6.35 0 P 0
L 24.638 6.35 24.892 6.604 0 P 0
L 24.638 6.858 24.892 6.604 0 P 0
L 24.638 6.858 24.892 6.858 0 P 0
L 24.638 21.59 24.892 21.59 0 P 0
L 24.638 21.59 24.892 21.844 0 P 0
L 24.638 22.098 24.892 21.844 0 P 0
L 24.638 22.098 24.892 22.098 0 P 0
L 24.638 26.67 24.892 26.67 0 P 0
L 24.638 26.67 24.892 26.924 0 P 0
L 24.638 27.178 24.892 26.924 0 P 0
L 24.638 27.178 24.892 27.178 0 P 0
L 24.892 1.27 25.146 1.016 0 P 0
L 24.892 1.778 25.146 2.032 0 P 0
L 24.892 6.35 25.146 6.096 0 P 0
L 24.892 6.858 25.146 7.112 0 P 0
L 24.892 21.59 25.146 21.336 0 P 0
L 24.892 22.098 25.146 22.352 0 P 0
L 24.892 26.67 25.146 26.416 0 P 0
L 24.892 27.178 25.146 27.432 0 P 0
L 25.146 1.016 25.4 1.27 0 P 0
L 25.146 2.032 25.4 1.778 0 P 0
L 25.146 6.096 25.4 6.35 0 P 0
L 25.146 7.112 25.4 6.858 0 P 0
L 25.146 21.336 25.4 21.59 0 P 0
L 25.146 22.352 25.4 22.098 0 P 0
L 25.146 26.416 25.4 26.67 0 P 0
L 25.146 27.432 25.4 27.178 0 P 0
L 25.4 1.27 25.654 1.27 0 P 0
L 25.4 1.524 25.654 1.27 0 P 0
L 25.4 1.524 25.654 1.778 0 P 0
L 25.4 1.778 25.654 1.778 0 P 0
L 25.4 6.35 25.654 6.35 0 P 0
L 25.4 6.604 25.654 6.35 0 P 0
L 25.4 6.604 25.654 6.858 0 P 0
L 25.4 6.858 25.654 6.858 0 P 0
L 25.4 21.59 25.654 21.59 0 P 0
L 25.4 21.844 25.654 21.59 0 P 0
L 25.4 21.844 25.654 22.098 0 P 0
L 25.4 22.098 25.654 22.098 0 P 0
L 25.4 26.67 25.654 26.67 0 P 0
L 25.4 26.924 25.654 26.67 0 P 0
L 25.4 26.924 25.654 27.178 0 P 0
L 25.4 27.178 25.654 27.178 0 P 0
L 25.908 -0.762 26.162 -0.762 0 P 0
L 25.908 -0.762 26.162 -1.016 0 P 0
L 25.908 -1.27 26.162 -1.016 0 P 0
L 25.908 -1.27 26.162 -1.27 0 P 0
L 25.908 3.81 26.162 3.81 0 P 0
L 25.908 3.81 26.162 4.064 0 P 0
L 25.908 4.318 26.162 4.064 0 P 0
L 25.908 4.318 26.162 4.318 0 P 0
L 25.908 19.05 26.162 19.05 0 P 0
L 25.908 19.05 26.162 19.304 0 P 0
L 25.908 19.558 26.162 19.304 0 P 0
L 25.908 19.558 26.162 19.558 0 P 0
L 25.908 24.13 26.162 24.13 0 P 0
L 25.908 24.13 26.162 24.384 0 P 0
L 25.908 24.638 26.162 24.384 0 P 0
L 25.908 24.638 26.162 24.638 0 P 0
L 26.162 -0.762 26.416 -0.508 0 P 0
L 26.162 -1.27 26.416 -1.524 0 P 0
L 26.162 3.81 26.416 3.556 0 P 0
L 26.162 4.318 26.416 4.572 0 P 0
L 26.162 19.05 26.416 18.796 0 P 0
L 26.162 19.558 26.416 19.812 0 P 0
L 26.162 24.13 26.416 23.876 0 P 0
L 26.162 24.638 26.416 24.892 0 P 0
L 26.416 -0.508 26.67 -0.762 0 P 0
L 26.416 -1.524 26.67 -1.27 0 P 0
L 26.416 3.556 26.67 3.81 0 P 0
L 26.416 4.572 26.67 4.318 0 P 0
L 26.416 18.796 26.67 19.05 0 P 0
L 26.416 19.812 26.67 19.558 0 P 0
L 26.416 23.876 26.67 24.13 0 P 0
L 26.416 24.892 26.67 24.638 0 P 0
L 26.67 -0.762 26.924 -0.762 0 P 0
L 26.67 -1.016 26.924 -0.762 0 P 0
L 26.67 -1.016 26.924 -1.27 0 P 0
L 26.67 -1.27 26.924 -1.27 0 P 0
L 26.67 3.81 26.924 3.81 0 P 0
L 26.67 4.064 26.924 3.81 0 P 0
L 26.67 4.064 26.924 4.318 0 P 0
L 26.67 4.318 26.924 4.318 0 P 0
L 26.67 19.05 26.924 19.05 0 P 0
L 26.67 19.304 26.924 19.05 0 P 0
L 26.67 19.304 26.924 19.558 0 P 0
L 26.67 19.558 26.924 19.558 0 P 0
L 26.67 24.13 26.924 24.13 0 P 0
L 26.67 24.384 26.924 24.13 0 P 0
L 26.67 24.384 26.924 24.638 0 P 0
L 26.67 24.638 26.924 24.638 0 P 0
L 27.178 1.27 27.432 1.27 0 P 0
L 27.178 1.27 27.432 1.524 0 P 0
L 27.178 1.778 27.432 1.524 0 P 0
L 27.178 1.778 27.432 1.778 0 P 0
L 27.178 6.35 27.432 6.35 0 P 0
L 27.178 6.35 27.432 6.604 0 P 0
L 27.178 6.858 27.432 6.604 0 P 0
L 27.178 6.858 27.432 6.858 0 P 0
L 27.178 21.59 27.432 21.59 0 P 0
L 27.178 21.59 27.432 21.844 0 P 0
L 27.178 22.098 27.432 21.844 0 P 0
L 27.178 22.098 27.432 22.098 0 P 0
L 27.178 26.67 27.432 26.67 0 P 0
L 27.178 26.67 27.432 26.924 0 P 0
L 27.178 27.178 27.432 26.924 0 P 0
L 27.178 27.178 27.432 27.178 0 P 0
L 27.432 1.27 27.686 1.016 0 P 0
L 27.432 1.778 27.686 2.032 0 P 0
L 27.432 6.35 27.686 6.096 0 P 0
L 27.432 6.858 27.686 7.112 0 P 0
L 27.432 21.59 27.686 21.336 0 P 0
L 27.432 22.098 27.686 22.352 0 P 0
L 27.432 26.67 27.686 26.416 0 P 0
L 27.432 27.178 27.686 27.432 0 P 0
L 27.686 1.016 27.94 1.27 0 P 0
L 27.686 2.032 27.94 1.778 0 P 0
L 27.686 6.096 27.94 6.35 0 P 0
L 27.686 7.112 27.94 6.858 0 P 0
L 27.686 21.336 27.94 21.59 0 P 0
L 27.686 22.352 27.94 22.098 0 P 0
L 27.686 26.416 27.94 26.67 0 P 0
L 27.686 27.432 27.94 27.178 0 P 0
L 27.94 1.27 28.194 1.27 0 P 0
L 27.94 1.524 28.194 1.27 0 P 0
L 27.94 1.524 28.194 1.778 0 P 0
L 27.94 1.778 28.194 1.778 0 P 0
L 27.94 6.35 28.194 6.35 0 P 0
L 27.94 6.604 28.194 6.35 0 P 0
L 27.94 6.604 28.194 6.858 0 P 0
L 27.94 6.858 28.194 6.858 0 P 0
L 27.94 21.59 28.194 21.59 0 P 0
L 27.94 21.844 28.194 21.59 0 P 0
L 27.94 21.844 28.194 22.098 0 P 0
L 27.94 22.098 28.194 22.098 0 P 0
L 27.94 26.67 28.194 26.67 0 P 0
L 27.94 26.924 28.194 26.67 0 P 0
L 27.94 26.924 28.194 27.178 0 P 0
L 27.94 27.178 28.194 27.178 0 P 0
L 28.448 3.81 28.702 3.81 0 P 0
L 28.448 3.81 28.702 4.064 0 P 0
L 28.448 4.318 28.702 4.064 0 P 0
L 28.448 4.318 28.702 4.318 0 P 0
L 28.448 19.05 28.702 19.05 0 P 0
L 28.448 19.05 28.702 19.304 0 P 0
L 28.448 19.558 28.702 19.304 0 P 0
L 28.448 19.558 28.702 19.558 0 P 0
L 28.448 24.13 28.702 24.13 0 P 0
L 28.448 24.13 28.702 24.384 0 P 0
L 28.448 24.638 28.702 24.384 0 P 0
L 28.448 24.638 28.702 24.638 0 P 0
L 28.702 3.81 28.956 3.556 0 P 0
L 28.702 4.318 28.956 4.572 0 P 0
L 28.702 19.05 28.956 18.796 0 P 0
L 28.702 19.558 28.956 19.812 0 P 0
L 28.702 24.13 28.956 23.876 0 P 0
L 28.702 24.638 28.956 24.892 0 P 0
L 28.956 3.556 29.21 3.81 0 P 0
L 28.956 4.572 29.21 4.318 0 P 0
L 28.956 18.796 29.21 19.05 0 P 0
L 28.956 19.812 29.21 19.558 0 P 0
L 28.956 23.876 29.21 24.13 0 P 0
L 28.956 24.892 29.21 24.638 0 P 0
L 29.21 3.81 29.464 3.81 0 P 0
L 29.21 4.064 29.464 3.81 0 P 0
L 29.21 4.064 29.464 4.318 0 P 0
L 29.21 4.318 29.464 4.318 0 P 0
L 29.21 19.05 29.464 19.05 0 P 0
L 29.21 19.304 29.464 19.05 0 P 0
L 29.21 19.304 29.464 19.558 0 P 0
L 29.21 19.558 29.464 19.558 0 P 0
L 29.21 24.13 29.464 24.13 0 P 0
L 29.21 24.384 29.464 24.13 0 P 0
L 29.21 24.384 29.464 24.638 0 P 0
L 29.21 24.638 29.464 24.638 0 P 0
L 29.718 6.35 29.972 6.35 0 P 0
L 29.718 6.35 29.972 6.604 0 P 0
L 29.718 6.858 29.972 6.604 0 P 0
L 29.718 6.858 29.972 6.858 0 P 0
L 29.718 11.43 29.972 11.43 0 P 0
L 29.718 11.43 29.972 11.684 0 P 0
L 29.718 11.938 29.972 11.684 0 P 0
L 29.718 11.938 29.972 11.938 0 P 0
L 29.718 16.51 29.972 16.51 0 P 0
L 29.718 16.51 29.972 16.764 0 P 0
L 29.718 17.018 29.972 16.764 0 P 0
L 29.718 17.018 29.972 17.018 0 P 0
L 29.718 21.59 29.972 21.59 0 P 0
L 29.718 21.59 29.972 21.844 0 P 0
L 29.718 22.098 29.972 21.844 0 P 0
L 29.718 22.098 29.972 22.098 0 P 0
L 29.718 26.67 29.972 26.67 0 P 0
L 29.718 26.67 29.972 26.924 0 P 0
L 29.718 27.178 29.972 26.924 0 P 0
L 29.718 27.178 29.972 27.178 0 P 0
L 29.972 6.35 30.226 6.096 0 P 0
L 29.972 6.858 30.226 7.112 0 P 0
L 29.972 11.43 30.226 11.176 0 P 0
L 29.972 11.938 30.226 12.192 0 P 0
L 29.972 16.51 30.226 16.256 0 P 0
L 29.972 17.018 30.226 17.272 0 P 0
L 29.972 21.59 30.226 21.336 0 P 0
L 29.972 22.098 30.226 22.352 0 P 0
L 29.972 26.67 30.226 26.416 0 P 0
L 29.972 27.178 30.226 27.432 0 P 0
L 30.226 6.096 30.48 6.35 0 P 0
L 30.226 7.112 30.48 6.858 0 P 0
L 30.226 11.176 30.48 11.43 0 P 0
L 30.226 12.192 30.48 11.938 0 P 0
L 30.226 16.256 30.48 16.51 0 P 0
L 30.226 17.272 30.48 17.018 0 P 0
L 30.226 21.336 30.48 21.59 0 P 0
L 30.226 22.352 30.48 22.098 0 P 0
L 30.226 26.416 30.48 26.67 0 P 0
L 30.226 27.432 30.48 27.178 0 P 0
L 30.48 6.35 30.734 6.35 0 P 0
L 30.48 6.604 30.734 6.35 0 P 0
L 30.48 6.604 30.734 6.858 0 P 0
L 30.48 6.858 30.734 6.858 0 P 0
L 30.48 11.43 30.734 11.43 0 P 0
L 30.48 11.684 30.734 11.43 0 P 0
L 30.48 11.684 30.734 11.938 0 P 0
L 30.48 11.938 30.734 11.938 0 P 0
L 30.48 16.51 30.734 16.51 0 P 0
L 30.48 16.764 30.734 16.51 0 P 0
L 30.48 16.764 30.734 17.018 0 P 0
L 30.48 17.018 30.734 17.018 0 P 0
L 30.48 21.59 30.734 21.59 0 P 0
L 30.48 21.844 30.734 21.59 0 P 0
L 30.48 21.844 30.734 22.098 0 P 0
L 30.48 22.098 30.734 22.098 0 P 0
L 30.48 26.67 30.734 26.67 0 P 0
L 30.48 26.924 30.734 26.67 0 P 0
L 30.48 26.924 30.734 27.178 0 P 0
L 30.48 27.178 30.734 27.178 0 P 0
L 30.988 3.81 31.242 3.81 0 P 0
L 30.988 3.81 31.242 4.064 0 P 0
L 30.988 4.318 31.242 4.064 0 P 0
L 30.988 4.318 31.242 4.318 0 P 0
L 30.988 8.89 31.242 8.89 0 P 0
L 30.988 8.89 31.242 9.144 0 P 0
L 30.988 9.398 31.242 9.144 0 P 0
L 30.988 9.398 31.242 9.398 0 P 0
L 30.988 13.97 31.242 13.97 0 P 0
L 30.988 13.97 31.242 14.224 0 P 0
L 30.988 14.478 31.242 14.224 0 P 0
L 30.988 14.478 31.242 14.478 0 P 0
L 30.988 19.05 31.242 19.05 0 P 0
L 30.988 19.05 31.242 19.304 0 P 0
L 30.988 19.558 31.242 19.304 0 P 0
L 30.988 19.558 31.242 19.558 0 P 0
L 30.988 24.13 31.242 24.13 0 P 0
L 30.988 24.13 31.242 24.384 0 P 0
L 30.988 24.638 31.242 24.384 0 P 0
L 30.988 24.638 31.242 24.638 0 P 0
L 31.242 3.81 31.496 3.556 0 P 0
L 31.242 4.318 31.496 4.572 0 P 0
L 31.242 8.89 31.496 8.636 0 P 0
L 31.242 9.398 31.496 9.652 0 P 0
L 31.242 13.97 31.496 13.716 0 P 0
L 31.242 14.478 31.496 14.732 0 P 0
L 31.242 19.05 31.496 18.796 0 P 0
L 31.242 19.558 31.496 19.812 0 P 0
L 31.242 24.13 31.496 23.876 0 P 0
L 31.242 24.638 31.496 24.892 0 P 0
L 31.496 3.556 31.75 3.81 0 P 0
L 31.496 4.572 31.75 4.318 0 P 0
L 31.496 8.636 31.75 8.89 0 P 0
L 31.496 9.652 31.75 9.398 0 P 0
L 31.496 13.716 31.75 13.97 0 P 0
L 31.496 14.732 31.75 14.478 0 P 0
L 31.496 18.796 31.75 19.05 0 P 0
L 31.496 19.812 31.75 19.558 0 P 0
L 31.496 23.876 31.75 24.13 0 P 0
L 31.496 24.892 31.75 24.638 0 P 0
L 31.75 3.81 32.004 3.81 0 P 0
L 31.75 4.064 32.004 3.81 0 P 0
L 31.75 4.064 32.004 4.318 0 P 0
L 31.75 4.318 32.004 4.318 0 P 0
L 31.75 8.89 32.004 8.89 0 P 0
L 31.75 9.144 32.004 8.89 0 P 0
L 31.75 9.144 32.004 9.398 0 P 0
L 31.75 9.398 32.004 9.398 0 P 0
L 31.75 13.97 32.004 13.97 0 P 0
L 31.75 14.224 32.004 13.97 0 P 0
L 31.75 14.224 32.004 14.478 0 P 0
L 31.75 14.478 32.004 14.478 0 P 0
L 31.75 19.05 32.004 19.05 0 P 0
L 31.75 19.304 32.004 19.05 0 P 0
L 31.75 19.304 32.004 19.558 0 P 0
L 31.75 19.558 32.004 19.558 0 P 0
L 31.75 24.13 32.004 24.13 0 P 0
L 31.75 24.384 32.004 24.13 0 P 0
L 31.75 24.384 32.004 24.638 0 P 0
L 31.75 24.638 32.004 24.638 0 P 0
L 32.258 1.27 32.512 1.27 0 P 0
L 32.258 1.27 32.512 1.524 0 P 0
L 32.258 1.778 32.512 1.524 0 P 0
L 32.258 1.778 32.512 1.778 0 P 0
L 32.258 6.35 32.512 6.35 0 P 0
L 32.258 6.35 32.512 6.604 0 P 0
L 32.258 6.858 32.512 6.604 0 P 0
L 32.258 6.858 32.512 6.858 0 P 0
L 32.258 11.43 32.512 11.43 0 P 0
L 32.258 11.43 32.512 11.684 0 P 0
L 32.258 11.938 32.512 11.684 0 P 0
L 32.258 11.938 32.512 11.938 0 P 0
L 32.258 16.51 32.512 16.51 0 P 0
L 32.258 16.51 32.512 16.764 0 P 0
L 32.258 17.018 32.512 16.764 0 P 0
L 32.258 17.018 32.512 17.018 0 P 0
L 32.258 26.67 32.512 26.67 0 P 0
L 32.258 26.67 32.512 26.924 0 P 0
L 32.258 27.178 32.512 26.924 0 P 0
L 32.258 27.178 32.512 27.178 0 P 0
L 32.512 1.27 32.766 1.016 0 P 0
L 32.512 1.778 32.766 2.032 0 P 0
L 32.512 6.35 32.766 6.096 0 P 0
L 32.512 6.858 32.766 7.112 0 P 0
L 32.512 11.43 32.766 11.176 0 P 0
L 32.512 11.938 32.766 12.192 0 P 0
L 32.512 16.51 32.766 16.256 0 P 0
L 32.512 17.018 32.766 17.272 0 P 0
L 32.512 26.67 32.766 26.416 0 P 0
L 32.512 27.178 32.766 27.432 0 P 0
L 32.766 1.016 33.02 1.27 0 P 0
L 32.766 2.032 33.02 1.778 0 P 0
L 32.766 6.096 33.02 6.35 0 P 0
L 32.766 7.112 33.02 6.858 0 P 0
L 32.766 11.176 33.02 11.43 0 P 0
L 32.766 12.192 33.02 11.938 0 P 0
L 32.766 16.256 33.02 16.51 0 P 0
L 32.766 17.272 33.02 17.018 0 P 0
L 32.766 26.416 33.02 26.67 0 P 0
L 32.766 27.432 33.02 27.178 0 P 0
L 33.02 1.27 33.274 1.27 0 P 0
L 33.02 1.524 33.274 1.27 0 P 0
L 33.02 1.524 33.274 1.778 0 P 0
L 33.02 1.778 33.274 1.778 0 P 0
L 33.02 6.35 33.274 6.35 0 P 0
L 33.02 6.604 33.274 6.35 0 P 0
L 33.02 6.604 33.274 6.858 0 P 0
L 33.02 6.858 33.274 6.858 0 P 0
L 33.02 11.43 33.274 11.43 0 P 0
L 33.02 11.684 33.274 11.43 0 P 0
L 33.02 11.684 33.274 11.938 0 P 0
L 33.02 11.938 33.274 11.938 0 P 0
L 33.02 16.51 33.274 16.51 0 P 0
L 33.02 16.764 33.274 16.51 0 P 0
L 33.02 16.764 33.274 17.018 0 P 0
L 33.02 17.018 33.274 17.018 0 P 0
L 33.02 26.67 33.274 26.67 0 P 0
L 33.02 26.924 33.274 26.67 0 P 0
L 33.02 26.924 33.274 27.178 0 P 0
L 33.02 27.178 33.274 27.178 0 P 0
L 33.528 -0.762 33.782 -0.762 0 P 0
L 33.528 -0.762 33.782 -1.016 0 P 0
L 33.528 -1.27 33.782 -1.016 0 P 0
L 33.528 -1.27 33.782 -1.27 0 P 0
L 33.528 3.81 33.782 3.81 0 P 0
L 33.528 3.81 33.782 4.064 0 P 0
L 33.528 4.318 33.782 4.064 0 P 0
L 33.528 4.318 33.782 4.318 0 P 0
L 33.528 8.89 33.782 8.89 0 P 0
L 33.528 8.89 33.782 9.144 0 P 0
L 33.528 9.398 33.782 9.144 0 P 0
L 33.528 9.398 33.782 9.398 0 P 0
L 33.528 19.05 33.782 19.05 0 P 0
L 33.528 19.05 33.782 19.304 0 P 0
L 33.528 19.558 33.782 19.304 0 P 0
L 33.528 19.558 33.782 19.558 0 P 0
L 33.782 -0.762 34.036 -0.508 0 P 0
L 33.782 -1.27 34.036 -1.524 0 P 0
L 33.782 3.81 34.036 3.556 0 P 0
L 33.782 4.318 34.036 4.572 0 P 0
L 33.782 8.89 34.036 8.636 0 P 0
L 33.782 9.398 34.036 9.652 0 P 0
L 33.782 19.05 34.036 18.796 0 P 0
L 33.782 19.558 34.036 19.812 0 P 0
L 34.036 -0.508 34.29 -0.762 0 P 0
L 34.036 -1.524 34.29 -1.27 0 P 0
L 34.036 3.556 34.29 3.81 0 P 0
L 34.036 4.572 34.29 4.318 0 P 0
L 34.036 8.636 34.29 8.89 0 P 0
L 34.036 9.652 34.29 9.398 0 P 0
L 34.036 18.796 34.29 19.05 0 P 0
L 34.036 19.812 34.29 19.558 0 P 0
L 34.29 -0.762 34.544 -0.762 0 P 0
L 34.29 -1.016 34.544 -0.762 0 P 0
L 34.29 -1.016 34.544 -1.27 0 P 0
L 34.29 -1.27 34.544 -1.27 0 P 0
L 34.29 3.81 34.544 3.81 0 P 0
L 34.29 4.064 34.544 3.81 0 P 0
L 34.29 4.064 34.544 4.318 0 P 0
L 34.29 4.318 34.544 4.318 0 P 0
L 34.29 8.89 34.544 8.89 0 P 0
L 34.29 9.144 34.544 8.89 0 P 0
L 34.29 9.144 34.544 9.398 0 P 0
L 34.29 9.398 34.544 9.398 0 P 0
L 34.29 19.05 34.544 19.05 0 P 0
L 34.29 19.304 34.544 19.05 0 P 0
L 34.29 19.304 34.544 19.558 0 P 0
L 34.29 19.558 34.544 19.558 0 P 0
L 34.798 1.27 35.052 1.27 0 P 0
L 34.798 1.27 35.052 1.524 0 P 0
L 34.798 1.778 35.052 1.524 0 P 0
L 34.798 1.778 35.052 1.778 0 P 0
L 34.798 6.35 35.052 6.35 0 P 0
L 34.798 6.35 35.052 6.604 0 P 0
L 34.798 6.858 35.052 6.604 0 P 0
L 34.798 6.858 35.052 6.858 0 P 0
L 34.798 16.51 35.052 16.51 0 P 0
L 34.798 16.51 35.052 16.764 0 P 0
L 34.798 17.018 35.052 16.764 0 P 0
L 34.798 17.018 35.052 17.018 0 P 0
L 34.798 26.67 35.052 26.67 0 P 0
L 34.798 26.67 35.052 26.924 0 P 0
L 34.798 27.178 35.052 26.924 0 P 0
L 34.798 27.178 35.052 27.178 0 P 0
L 35.052 1.27 35.306 1.016 0 P 0
L 35.052 1.778 35.306 2.032 0 P 0
L 35.052 6.35 35.306 6.096 0 P 0
L 35.052 6.858 35.306 7.112 0 P 0
L 35.052 16.51 35.306 16.256 0 P 0
L 35.052 17.018 35.306 17.272 0 P 0
L 35.052 26.67 35.306 26.416 0 P 0
L 35.052 27.178 35.306 27.432 0 P 0
L 35.306 1.016 35.56 1.27 0 P 0
L 35.306 2.032 35.56 1.778 0 P 0
L 35.306 6.096 35.56 6.35 0 P 0
L 35.306 7.112 35.56 6.858 0 P 0
L 35.306 16.256 35.56 16.51 0 P 0
L 35.306 17.272 35.56 17.018 0 P 0
L 35.306 26.416 35.56 26.67 0 P 0
L 35.306 27.432 35.56 27.178 0 P 0
L 35.56 1.27 35.814 1.27 0 P 0
L 35.56 1.524 35.814 1.27 0 P 0
L 35.56 1.524 35.814 1.778 0 P 0
L 35.56 1.778 35.814 1.778 0 P 0
L 35.56 6.35 35.814 6.35 0 P 0
L 35.56 6.604 35.814 6.35 0 P 0
L 35.56 6.604 35.814 6.858 0 P 0
L 35.56 6.858 35.814 6.858 0 P 0
L 35.56 16.51 35.814 16.51 0 P 0
L 35.56 16.764 35.814 16.51 0 P 0
L 35.56 16.764 35.814 17.018 0 P 0
L 35.56 17.018 35.814 17.018 0 P 0
L 35.56 26.67 35.814 26.67 0 P 0
L 35.56 26.924 35.814 26.67 0 P 0
L 35.56 26.924 35.814 27.178 0 P 0
L 35.56 27.178 35.814 27.178 0 P 0
L 36.068 -0.762 36.322 -0.762 0 P 0
L 36.068 -0.762 36.322 -1.016 0 P 0
L 36.068 -1.27 36.322 -1.016 0 P 0
L 36.068 -1.27 36.322 -1.27 0 P 0
L 36.068 3.81 36.322 3.81 0 P 0
L 36.068 3.81 36.322 4.064 0 P 0
L 36.068 4.318 36.322 4.064 0 P 0
L 36.068 4.318 36.322 4.318 0 P 0
L 36.068 8.89 36.322 8.89 0 P 0
L 36.068 8.89 36.322 9.144 0 P 0
L 36.068 9.398 36.322 9.144 0 P 0
L 36.068 9.398 36.322 9.398 0 P 0
L 36.322 -0.762 36.576 -0.508 0 P 0
L 36.322 -1.27 36.576 -1.524 0 P 0
L 36.322 3.81 36.576 3.556 0 P 0
L 36.322 4.318 36.576 4.572 0 P 0
L 36.322 8.89 36.576 8.636 0 P 0
L 36.322 9.398 36.576 9.652 0 P 0
L 36.576 -0.508 36.83 -0.762 0 P 0
L 36.576 -1.524 36.83 -1.27 0 P 0
L 36.576 3.556 36.83 3.81 0 P 0
L 36.576 4.572 36.83 4.318 0 P 0
L 36.576 8.636 36.83 8.89 0 P 0
L 36.576 9.652 36.83 9.398 0 P 0
L 36.576 20.574 36.83 20.574 0 P 0
L 36.576 20.574 36.83 20.828 0 P 0
L 36.576 21.082 36.83 20.828 0 P 0
L 36.576 21.082 36.83 21.082 0 P 0
L 36.576 21.336 36.83 21.336 0 P 0
L 36.576 21.336 36.83 21.59 0 P 0
L 36.576 21.844 36.83 21.59 0 P 0
L 36.576 21.844 36.83 21.844 0 P 0
L 36.576 22.098 36.83 22.098 0 P 0
L 36.576 22.098 36.83 22.352 0 P 0
L 36.576 22.606 36.83 22.352 0 P 0
L 36.576 22.606 36.83 22.606 0 P 0
L 36.576 22.86 36.83 22.86 0 P 0
L 36.576 22.86 36.83 23.114 0 P 0
L 36.576 23.368 36.83 23.114 0 P 0
L 36.576 23.368 36.83 23.368 0 P 0
L 36.576 23.622 36.83 23.622 0 P 0
L 36.576 23.622 36.83 23.876 0 P 0
L 36.576 24.13 36.83 23.876 0 P 0
L 36.576 24.13 36.83 24.13 0 P 0
L 36.83 -0.762 37.084 -0.762 0 P 0
L 36.83 -1.016 37.084 -0.762 0 P 0
L 36.83 -1.016 37.084 -1.27 0 P 0
L 36.83 -1.27 37.084 -1.27 0 P 0
L 36.83 3.81 37.084 3.81 0 P 0
L 36.83 4.064 37.084 3.81 0 P 0
L 36.83 4.064 37.084 4.318 0 P 0
L 36.83 4.318 37.084 4.318 0 P 0
L 36.83 8.89 37.084 8.89 0 P 0
L 36.83 9.144 37.084 8.89 0 P 0
L 36.83 9.144 37.084 9.398 0 P 0
L 36.83 9.398 37.084 9.398 0 P 0
L 36.83 20.574 37.084 20.32 0 P 0
L 36.83 21.082 37.084 21.336 0 P 0
L 36.83 21.336 37.084 21.082 0 P 0
L 36.83 21.844 37.084 22.098 0 P 0
L 36.83 22.098 37.084 21.844 0 P 0
L 36.83 22.606 37.084 22.86 0 P 0
L 36.83 22.86 37.084 22.606 0 P 0
L 36.83 23.368 37.084 23.622 0 P 0
L 36.83 23.622 37.084 23.368 0 P 0
L 36.83 24.13 37.084 24.384 0 P 0
L 37.084 20.32 37.338 20.574 0 P 0
L 37.084 21.082 37.338 21.336 0 P 0
L 37.084 21.336 37.338 21.082 0 P 0
L 37.084 21.844 37.338 22.098 0 P 0
L 37.084 22.098 37.338 21.844 0 P 0
L 37.084 22.606 37.338 22.86 0 P 0
L 37.084 22.86 37.338 22.606 0 P 0
L 37.084 23.368 37.338 23.622 0 P 0
L 37.084 23.622 37.338 23.368 0 P 0
L 37.084 24.384 37.338 24.13 0 P 0
L 37.211 3.175 37.465 3.175 0 P 0
L 37.211 3.175 37.465 3.429 0 P 0
L 37.211 3.683 37.465 3.429 0 P 0
L 37.211 3.683 37.465 3.683 0 P 0
L 37.211 3.937 37.465 3.937 0 P 0
L 37.211 3.937 37.465 4.191 0 P 0
L 37.211 4.445 37.465 4.191 0 P 0
L 37.211 4.445 37.465 4.445 0 P 0
L 37.211 5.334 37.465 5.334 0 P 0
L 37.211 5.334 37.465 5.588 0 P 0
L 37.211 5.842 37.465 5.588 0 P 0
L 37.211 5.842 37.465 5.842 0 P 0
L 37.22193216 4.61656684 37.47593216 4.61656684 0 P 0
L 37.22193216 4.61656684 37.47593216 4.87056684 0 P 0
L 37.22193216 5.12456684 37.47593216 4.87056684 0 P 0
L 37.22193216 5.12456684 37.47593216 5.12456684 0 P 0
L 37.338 1.27 37.592 1.27 0 P 0
L 37.338 1.27 37.592 1.524 0 P 0
L 37.338 1.778 37.592 1.524 0 P 0
L 37.338 1.778 37.592 1.778 0 P 0
L 37.338 6.35 37.592 6.35 0 P 0
L 37.338 6.35 37.592 6.604 0 P 0
L 37.338 6.858 37.592 6.604 0 P 0
L 37.338 6.858 37.592 6.858 0 P 0
L 37.338 20.574 37.592 20.574 0 P 0
L 37.338 20.828 37.592 20.574 0 P 0
L 37.338 20.828 37.592 21.082 0 P 0
L 37.338 21.082 37.592 21.082 0 P 0
L 37.338 21.336 37.592 21.336 0 P 0
L 37.338 21.59 37.592 21.336 0 P 0
L 37.338 21.59 37.592 21.844 0 P 0
L 37.338 21.844 37.592 21.844 0 P 0
L 37.338 22.098 37.592 22.098 0 P 0
L 37.338 22.352 37.592 22.098 0 P 0
L 37.338 22.352 37.592 22.606 0 P 0
L 37.338 22.606 37.592 22.606 0 P 0
L 37.338 22.86 37.592 22.86 0 P 0
L 37.338 23.114 37.592 22.86 0 P 0
L 37.338 23.114 37.592 23.368 0 P 0
L 37.338 23.368 37.592 23.368 0 P 0
L 37.338 23.622 37.592 23.622 0 P 0
L 37.338 23.876 37.592 23.622 0 P 0
L 37.338 23.876 37.592 24.13 0 P 0
L 37.338 24.13 37.592 24.13 0 P 0
L 37.465 3.175 37.719 2.921 0 P 0
L 37.465 3.683 37.719 3.937 0 P 0
L 37.465 3.937 37.719 3.683 0 P 0
L 37.465 4.445 37.719 4.699 0 P 0
L 37.465 5.334 37.719 5.08 0 P 0
L 37.465 5.842 37.719 6.096 0 P 0
L 37.47593216 4.61656684 37.72993216 4.36256684 0 P 0
L 37.47593216 5.12456684 37.72993216 5.37856684 0 P 0
L 37.592 1.27 37.846 1.016 0 P 0
L 37.592 1.778 37.846 2.032 0 P 0
L 37.592 6.35 37.846 6.096 0 P 0
L 37.592 6.858 37.846 7.112 0 P 0
L 37.592 20.574 37.846 20.574 0 P 0
L 37.592 20.574 37.846 20.828 0 P 0
L 37.592 21.082 37.846 20.828 0 P 0
L 37.592 21.082 37.846 21.082 0 P 0
L 37.592 21.336 37.846 21.336 0 P 0
L 37.592 21.336 37.846 21.59 0 P 0
L 37.592 21.844 37.846 21.59 0 P 0
L 37.592 21.844 37.846 21.844 0 P 0
L 37.592 22.098 37.846 22.098 0 P 0
L 37.592 22.098 37.846 22.352 0 P 0
L 37.592 22.606 37.846 22.352 0 P 0
L 37.592 22.606 37.846 22.606 0 P 0
L 37.592 22.86 37.846 22.86 0 P 0
L 37.592 22.86 37.846 23.114 0 P 0
L 37.592 23.368 37.846 23.114 0 P 0
L 37.592 23.368 37.846 23.368 0 P 0
L 37.592 23.622 37.846 23.622 0 P 0
L 37.592 23.622 37.846 23.876 0 P 0
L 37.592 24.13 37.846 23.876 0 P 0
L 37.592 24.13 37.846 24.13 0 P 0
L 37.719 2.921 37.973 3.175 0 P 0
L 37.719 3.683 37.973 3.937 0 P 0
L 37.719 3.937 37.973 3.683 0 P 0
L 37.719 4.699 37.973 4.445 0 P 0
L 37.719 5.08 37.973 5.334 0 P 0
L 37.719 6.096 37.973 5.842 0 P 0
L 37.719 28.194 37.973 28.194 0 P 0
L 37.719 28.194 37.973 28.448 0 P 0
L 37.719 28.702 37.973 28.448 0 P 0
L 37.719 28.702 37.973 28.702 0 P 0
L 37.72993216 4.36256684 37.98393216 4.61656684 0 P 0
L 37.72993216 5.37856684 37.98393216 5.12456684 0 P 0
L 37.846 1.016 38.1 1.27 0 P 0
L 37.846 2.032 38.1 1.778 0 P 0
L 37.846 6.096 38.1 6.35 0 P 0
L 37.846 7.112 38.1 6.858 0 P 0
L 37.846 20.574 38.1 20.32 0 P 0
L 37.846 21.082 38.1 21.336 0 P 0
L 37.846 21.336 38.1 21.082 0 P 0
L 37.846 21.844 38.1 22.098 0 P 0
L 37.846 22.098 38.1 21.844 0 P 0
L 37.846 22.606 38.1 22.86 0 P 0
L 37.846 22.86 38.1 22.606 0 P 0
L 37.846 23.368 38.1 23.622 0 P 0
L 37.846 23.622 38.1 23.368 0 P 0
L 37.846 24.13 38.1 24.384 0 P 0
L 37.973 3.175 38.227 3.175 0 P 0
L 37.973 3.175 38.227 3.175 0 P 0
L 37.973 3.175 38.227 3.429 0 P 0
L 37.973 3.429 38.227 3.175 0 P 0
L 37.973 3.429 38.227 3.683 0 P 0
L 37.973 3.683 38.227 3.429 0 P 0
L 37.973 3.683 38.227 3.683 0 P 0
L 37.973 3.683 38.227 3.683 0 P 0
L 37.973 3.937 38.227 3.937 0 P 0
L 37.973 3.937 38.227 3.937 0 P 0
L 37.973 3.937 38.227 4.191 0 P 0
L 37.973 4.191 38.227 3.937 0 P 0
L 37.973 4.191 38.227 4.445 0 P 0
L 37.973 4.445 38.227 4.191 0 P 0
L 37.973 4.445 38.227 4.445 0 P 0
L 37.973 4.445 38.227 4.445 0 P 0
L 37.973 5.334 38.227 5.334 0 P 0
L 37.973 5.334 38.227 5.334 0 P 0
L 37.973 5.334 38.227 5.588 0 P 0
L 37.973 5.588 38.227 5.334 0 P 0
L 37.973 5.588 38.227 5.842 0 P 0
L 37.973 5.842 38.227 5.588 0 P 0
L 37.973 5.842 38.227 5.842 0 P 0
L 37.973 5.842 38.227 5.842 0 P 0
L 37.973 28.194 38.227 27.94 0 P 0
L 37.973 28.702 38.227 28.956 0 P 0
L 37.98393216 4.61656684 38.23793216 4.61656684 0 P 0
L 37.98393216 4.61656684 38.23793216 4.61656684 0 P 0
L 37.98393216 4.61656684 38.23793216 4.87056684 0 P 0
L 37.98393216 4.87056684 38.23793216 4.61656684 0 P 0
L 37.98393216 4.87056684 38.23793216 5.12456684 0 P 0
L 37.98393216 5.12456684 38.23793216 4.87056684 0 P 0
L 37.98393216 5.12456684 38.23793216 5.12456684 0 P 0
L 37.98393216 5.12456684 38.23793216 5.12456684 0 P 0
L 38.1 1.27 38.354 1.27 0 P 0
L 38.1 1.524 38.354 1.27 0 P 0
L 38.1 1.524 38.354 1.778 0 P 0
L 38.1 1.778 38.354 1.778 0 P 0
L 38.1 6.35 38.354 6.35 0 P 0
L 38.1 6.604 38.354 6.35 0 P 0
L 38.1 6.604 38.354 6.858 0 P 0
L 38.1 6.858 38.354 6.858 0 P 0
L 38.1 20.32 38.354 20.574 0 P 0
L 38.1 21.082 38.354 21.336 0 P 0
L 38.1 21.336 38.354 21.082 0 P 0
L 38.1 21.844 38.354 22.098 0 P 0
L 38.1 22.098 38.354 21.844 0 P 0
L 38.1 22.606 38.354 22.86 0 P 0
L 38.1 22.86 38.354 22.606 0 P 0
L 38.1 23.368 38.354 23.622 0 P 0
L 38.1 23.622 38.354 23.368 0 P 0
L 38.1 24.384 38.354 24.13 0 P 0
L 38.227 3.175 38.481 2.921 0 P 0
L 38.227 3.683 38.481 3.937 0 P 0
L 38.227 3.937 38.481 3.683 0 P 0
L 38.227 4.445 38.481 4.699 0 P 0
L 38.227 5.334 38.481 5.08 0 P 0
L 38.227 5.842 38.481 6.096 0 P 0
L 38.227 27.94 38.481 28.194 0 P 0
L 38.227 28.956 38.481 28.702 0 P 0
L 38.23793216 4.61656684 38.49193216 4.36256684 0 P 0
L 38.23793216 5.12456684 38.49193216 5.37856684 0 P 0
L 38.354 20.574 38.608 20.574 0 P 0
L 38.354 20.828 38.608 20.574 0 P 0
L 38.354 20.828 38.608 21.082 0 P 0
L 38.354 21.082 38.608 21.082 0 P 0
L 38.354 21.336 38.608 21.336 0 P 0
L 38.354 21.59 38.608 21.336 0 P 0
L 38.354 21.59 38.608 21.844 0 P 0
L 38.354 21.844 38.608 21.844 0 P 0
L 38.354 22.098 38.608 22.098 0 P 0
L 38.354 22.352 38.608 22.098 0 P 0
L 38.354 22.352 38.608 22.606 0 P 0
L 38.354 22.606 38.608 22.606 0 P 0
L 38.354 22.86 38.608 22.86 0 P 0
L 38.354 23.114 38.608 22.86 0 P 0
L 38.354 23.114 38.608 23.368 0 P 0
L 38.354 23.368 38.608 23.368 0 P 0
L 38.354 23.622 38.608 23.622 0 P 0
L 38.354 23.876 38.608 23.622 0 P 0
L 38.354 23.876 38.608 24.13 0 P 0
L 38.354 24.13 38.608 24.13 0 P 0
L 38.481 2.921 38.735 3.175 0 P 0
L 38.481 3.683 38.735 3.937 0 P 0
L 38.481 3.937 38.735 3.683 0 P 0
L 38.481 4.699 38.735 4.445 0 P 0
L 38.481 5.08 38.735 5.334 0 P 0
L 38.481 6.096 38.735 5.842 0 P 0
L 38.481 22.606 38.735 22.606 0 P 0
L 38.481 22.606 38.735 22.86 0 P 0
L 38.481 23.114 38.735 22.86 0 P 0
L 38.481 23.114 38.735 23.114 0 P 0
L 38.481 23.622 38.735 23.622 0 P 0
L 38.481 23.622 38.735 23.876 0 P 0
L 38.481 24.13 38.735 23.876 0 P 0
L 38.481 24.13 38.735 24.13 0 P 0
L 38.481 28.194 38.735 28.194 0 P 0
L 38.481 28.448 38.735 28.194 0 P 0
L 38.481 28.448 38.735 28.702 0 P 0
L 38.481 28.702 38.735 28.702 0 P 0
L 38.49193216 4.36256684 38.74593216 4.61656684 0 P 0
L 38.49193216 5.37856684 38.74593216 5.12456684 0 P 0
L 38.735 3.175 38.989 3.175 0 P 0
L 38.735 3.429 38.989 3.175 0 P 0
L 38.735 3.429 38.989 3.683 0 P 0
L 38.735 3.683 38.989 3.683 0 P 0
L 38.735 3.937 38.989 3.937 0 P 0
L 38.735 4.191 38.989 3.937 0 P 0
L 38.735 4.191 38.989 4.445 0 P 0
L 38.735 4.445 38.989 4.445 0 P 0
L 38.735 5.334 38.989 5.334 0 P 0
L 38.735 5.588 38.989 5.334 0 P 0
L 38.735 5.588 38.989 5.842 0 P 0
L 38.735 5.842 38.989 5.842 0 P 0
L 38.735 22.606 38.989 22.352 0 P 0
L 38.735 23.114 38.989 23.368 0 P 0
L 38.735 23.622 38.989 23.368 0 P 0
L 38.735 24.13 38.989 24.384 0 P 0
L 38.74593216 4.61656684 38.99993216 4.61656684 0 P 0
L 38.74593216 4.87056684 38.99993216 4.61656684 0 P 0
L 38.74593216 4.87056684 38.99993216 5.12456684 0 P 0
L 38.74593216 5.12456684 38.99993216 5.12456684 0 P 0
L 38.989 22.352 39.243 22.606 0 P 0
L 38.989 23.368 39.243 23.114 0 P 0
L 38.989 23.368 39.243 23.622 0 P 0
L 38.989 24.384 39.243 24.13 0 P 0
L 39.243 22.606 39.497 22.606 0 P 0
L 39.243 22.606 39.497 22.606 0 P 0
L 39.243 22.606 39.497 22.86 0 P 0
L 39.243 22.86 39.497 22.606 0 P 0
L 39.243 22.86 39.497 23.114 0 P 0
L 39.243 23.114 39.497 22.86 0 P 0
L 39.243 23.114 39.497 23.114 0 P 0
L 39.243 23.114 39.497 23.114 0 P 0
L 39.243 23.622 39.497 23.622 0 P 0
L 39.243 23.622 39.497 23.622 0 P 0
L 39.243 23.622 39.497 23.876 0 P 0
L 39.243 23.876 39.497 23.622 0 P 0
L 39.243 23.876 39.497 24.13 0 P 0
L 39.243 24.13 39.497 23.876 0 P 0
L 39.243 24.13 39.497 24.13 0 P 0
L 39.243 24.13 39.497 24.13 0 P 0
L 39.37 17.145 39.624 17.145 0 P 0
L 39.37 17.145 39.624 17.399 0 P 0
L 39.37 17.653 39.624 17.399 0 P 0
L 39.37 17.653 39.624 17.653 0 P 0
L 39.37 18.669 39.624 18.669 0 P 0
L 39.37 18.669 39.624 18.923 0 P 0
L 39.37 19.177 39.624 18.923 0 P 0
L 39.37 19.177 39.624 19.177 0 P 0
L 39.37 20.193 39.624 20.193 0 P 0
L 39.37 20.193 39.624 20.447 0 P 0
L 39.37 20.701 39.624 20.447 0 P 0
L 39.37 20.701 39.624 20.701 0 P 0
L 39.37 28.194 39.624 28.194 0 P 0
L 39.37 28.194 39.624 28.448 0 P 0
L 39.37 28.702 39.624 28.448 0 P 0
L 39.37 28.702 39.624 28.702 0 P 0
L 39.497 3.175 39.751 3.175 0 P 0
L 39.497 3.175 39.751 3.429 0 P 0
L 39.497 3.683 39.751 3.429 0 P 0
L 39.497 3.683 39.751 3.683 0 P 0
L 39.497 22.606 39.751 22.352 0 P 0
L 39.497 23.114 39.751 23.368 0 P 0
L 39.497 23.622 39.751 23.368 0 P 0
L 39.497 24.13 39.751 24.384 0 P 0
L 39.624 17.145 39.878 16.891 0 P 0
L 39.624 17.653 39.878 17.907 0 P 0
L 39.624 18.669 39.878 18.415 0 P 0
L 39.624 19.177 39.878 19.431 0 P 0
L 39.624 20.193 39.878 19.939 0 P 0
L 39.624 20.701 39.878 20.955 0 P 0
L 39.624 28.194 39.878 27.94 0 P 0
L 39.624 28.702 39.878 28.956 0 P 0
L 39.751 3.175 40.005 2.921 0 P 0
L 39.751 3.683 40.005 3.937 0 P 0
L 39.751 22.352 40.005 22.606 0 P 0
L 39.751 23.368 40.005 23.114 0 P 0
L 39.751 23.368 40.005 23.622 0 P 0
L 39.751 24.384 40.005 24.13 0 P 0
L 39.878 1.27 40.132 1.27 0 P 0
L 39.878 1.27 40.132 1.524 0 P 0
L 39.878 1.778 40.132 1.524 0 P 0
L 39.878 1.778 40.132 1.778 0 P 0
L 39.878 16.891 40.132 17.145 0 P 0
L 39.878 17.907 40.132 17.653 0 P 0
L 39.878 18.415 40.132 18.669 0 P 0
L 39.878 19.431 40.132 19.177 0 P 0
L 39.878 19.939 40.132 20.193 0 P 0
L 39.878 20.955 40.132 20.701 0 P 0
L 39.878 27.94 40.132 28.194 0 P 0
L 39.878 28.956 40.132 28.702 0 P 0
L 40.005 2.921 40.259 3.175 0 P 0
L 40.005 3.937 40.259 3.683 0 P 0
L 40.005 22.606 40.259 22.606 0 P 0
L 40.005 22.606 40.259 22.606 0 P 0
L 40.005 22.606 40.259 22.86 0 P 0
L 40.005 22.86 40.259 22.606 0 P 0
L 40.005 22.86 40.259 23.114 0 P 0
L 40.005 23.114 40.259 22.86 0 P 0
L 40.005 23.114 40.259 23.114 0 P 0
L 40.005 23.114 40.259 23.114 0 P 0
L 40.005 23.622 40.259 23.622 0 P 0
L 40.005 23.622 40.259 23.622 0 P 0
L 40.005 23.622 40.259 23.876 0 P 0
L 40.005 23.876 40.259 23.622 0 P 0
L 40.005 23.876 40.259 24.13 0 P 0
L 40.005 24.13 40.259 23.876 0 P 0
L 40.005 24.13 40.259 24.13 0 P 0
L 40.005 24.13 40.259 24.13 0 P 0
L 40.132 1.27 40.386 1.016 0 P 0
L 40.132 1.778 40.386 2.032 0 P 0
L 40.132 17.145 40.386 17.145 0 P 0
L 40.132 17.399 40.386 17.145 0 P 0
L 40.132 17.399 40.386 17.653 0 P 0
L 40.132 17.653 40.386 17.653 0 P 0
L 40.132 18.669 40.386 18.669 0 P 0
L 40.132 18.923 40.386 18.669 0 P 0
L 40.132 18.923 40.386 19.177 0 P 0
L 40.132 19.177 40.386 19.177 0 P 0
L 40.132 20.193 40.386 20.193 0 P 0
L 40.132 20.447 40.386 20.193 0 P 0
L 40.132 20.447 40.386 20.701 0 P 0
L 40.132 20.701 40.386 20.701 0 P 0
L 40.132 28.194 40.386 28.194 0 P 0
L 40.132 28.448 40.386 28.194 0 P 0
L 40.132 28.448 40.386 28.702 0 P 0
L 40.132 28.702 40.386 28.702 0 P 0
L 40.259 3.175 40.513 3.175 0 P 0
L 40.259 3.175 40.513 3.175 0 P 0
L 40.259 3.175 40.513 3.429 0 P 0
L 40.259 3.429 40.513 3.175 0 P 0
L 40.259 3.429 40.513 3.683 0 P 0
L 40.259 3.683 40.513 3.429 0 P 0
L 40.259 3.683 40.513 3.683 0 P 0
L 40.259 3.683 40.513 3.683 0 P 0
L 40.259 22.606 40.513 22.352 0 P 0
L 40.259 23.114 40.513 23.368 0 P 0
L 40.259 23.622 40.513 23.368 0 P 0
L 40.259 24.13 40.513 24.384 0 P 0
L 40.386 1.016 40.64 1.27 0 P 0
L 40.386 2.032 40.64 1.778 0 P 0
L 40.513 3.175 40.767 2.921 0 P 0
L 40.513 3.683 40.767 3.937 0 P 0
L 40.513 22.352 40.767 22.606 0 P 0
L 40.513 23.368 40.767 23.114 0 P 0
L 40.513 23.368 40.767 23.622 0 P 0
L 40.513 24.384 40.767 24.13 0 P 0
L 40.64 1.27 40.894 1.27 0 P 0
L 40.64 1.524 40.894 1.27 0 P 0
L 40.64 1.524 40.894 1.778 0 P 0
L 40.64 1.778 40.894 1.778 0 P 0
L 40.767 2.921 41.021 3.175 0 P 0
L 40.767 3.937 41.021 3.683 0 P 0
L 40.767 22.606 41.021 22.606 0 P 0
L 40.767 22.606 41.021 22.606 0 P 0
L 40.767 22.606 41.021 22.86 0 P 0
L 40.767 22.86 41.021 22.606 0 P 0
L 40.767 22.86 41.021 23.114 0 P 0
L 40.767 23.114 41.021 22.86 0 P 0
L 40.767 23.114 41.021 23.114 0 P 0
L 40.767 23.114 41.021 23.114 0 P 0
L 40.767 23.622 41.021 23.622 0 P 0
L 40.767 23.622 41.021 23.622 0 P 0
L 40.767 23.622 41.021 23.876 0 P 0
L 40.767 23.876 41.021 23.622 0 P 0
L 40.767 23.876 41.021 24.13 0 P 0
L 40.767 24.13 41.021 23.876 0 P 0
L 40.767 24.13 41.021 24.13 0 P 0
L 40.767 24.13 41.021 24.13 0 P 0
L 41.021 3.175 41.275 3.175 0 P 0
L 41.021 3.175 41.275 3.175 0 P 0
L 41.021 3.175 41.275 3.429 0 P 0
L 41.021 3.429 41.275 3.175 0 P 0
L 41.021 3.429 41.275 3.683 0 P 0
L 41.021 3.683 41.275 3.429 0 P 0
L 41.021 3.683 41.275 3.683 0 P 0
L 41.021 3.683 41.275 3.683 0 P 0
L 41.021 22.606 41.275 22.352 0 P 0
L 41.021 23.114 41.275 23.368 0 P 0
L 41.021 23.622 41.275 23.368 0 P 0
L 41.021 24.13 41.275 24.384 0 P 0
L 41.275 3.175 41.529 2.921 0 P 0
L 41.275 3.683 41.529 3.937 0 P 0
L 41.275 17.145 41.529 17.145 0 P 0
L 41.275 17.145 41.529 17.399 0 P 0
L 41.275 17.653 41.529 17.399 0 P 0
L 41.275 17.653 41.529 17.653 0 P 0
L 41.275 18.669 41.529 18.669 0 P 0
L 41.275 18.669 41.529 18.923 0 P 0
L 41.275 19.177 41.529 18.923 0 P 0
L 41.275 19.177 41.529 19.177 0 P 0
L 41.275 20.066 41.529 20.066 0 P 0
L 41.275 20.066 41.529 20.32 0 P 0
L 41.275 20.574 41.529 20.32 0 P 0
L 41.275 20.574 41.529 20.574 0 P 0
L 41.275 22.352 41.529 22.606 0 P 0
L 41.275 23.368 41.529 23.114 0 P 0
L 41.275 23.368 41.529 23.622 0 P 0
L 41.275 24.384 41.529 24.13 0 P 0
L 41.275 28.194 41.529 28.194 0 P 0
L 41.275 28.194 41.529 28.448 0 P 0
L 41.275 28.702 41.529 28.448 0 P 0
L 41.275 28.702 41.529 28.702 0 P 0
L 41.46273648 26.42550976 41.71673648 26.42550976 0 P 0
L 41.46273648 26.42550976 41.71673648 26.67950976 0 P 0
L 41.46273648 26.93350976 41.71673648 26.67950976 0 P 0
L 41.46273648 26.93350976 41.71673648 26.93350976 0 P 0
L 41.529 2.921 41.783 3.175 0 P 0
L 41.529 3.937 41.783 3.683 0 P 0
L 41.529 17.145 41.783 16.891 0 P 0
L 41.529 17.653 41.783 17.907 0 P 0
L 41.529 18.669 41.783 18.415 0 P 0
L 41.529 19.177 41.783 19.431 0 P 0
L 41.529 20.066 41.783 19.812 0 P 0
L 41.529 20.574 41.783 20.828 0 P 0
L 41.529 22.606 41.783 22.606 0 P 0
L 41.529 22.606 41.783 22.606 0 P 0
L 41.529 22.606 41.783 22.86 0 P 0
L 41.529 22.86 41.783 22.606 0 P 0
L 41.529 22.86 41.783 23.114 0 P 0
L 41.529 23.114 41.783 22.86 0 P 0
L 41.529 23.114 41.783 23.114 0 P 0
L 41.529 23.114 41.783 23.114 0 P 0
L 41.529 23.622 41.783 23.622 0 P 0
L 41.529 23.622 41.783 23.622 0 P 0
L 41.529 23.622 41.783 23.876 0 P 0
L 41.529 23.876 41.783 23.622 0 P 0
L 41.529 23.876 41.783 24.13 0 P 0
L 41.529 24.13 41.783 23.876 0 P 0
L 41.529 24.13 41.783 24.13 0 P 0
L 41.529 24.13 41.783 24.13 0 P 0
L 41.529 28.194 41.783 27.94 0 P 0
L 41.529 28.702 41.783 28.956 0 P 0
L 41.71673648 26.42550976 41.97073648 26.17150976 0 P 0
L 41.71673648 26.93350976 41.97073648 27.18750976 0 P 0
L 41.783 3.175 42.037 3.175 0 P 0
L 41.783 3.175 42.037 3.175 0 P 0
L 41.783 3.175 42.037 3.429 0 P 0
L 41.783 3.429 42.037 3.175 0 P 0
L 41.783 3.429 42.037 3.683 0 P 0
L 41.783 3.683 42.037 3.429 0 P 0
L 41.783 3.683 42.037 3.683 0 P 0
L 41.783 3.683 42.037 3.683 0 P 0
L 41.783 16.891 42.037 17.145 0 P 0
L 41.783 17.907 42.037 17.653 0 P 0
L 41.783 18.415 42.037 18.669 0 P 0
L 41.783 19.431 42.037 19.177 0 P 0
L 41.783 19.812 42.037 20.066 0 P 0
L 41.783 20.828 42.037 20.574 0 P 0
L 41.783 22.606 42.037 22.352 0 P 0
L 41.783 23.114 42.037 23.368 0 P 0
L 41.783 23.622 42.037 23.368 0 P 0
L 41.783 24.13 42.037 24.384 0 P 0
L 41.783 27.94 42.037 28.194 0 P 0
L 41.783 28.956 42.037 28.702 0 P 0
L 41.97073648 26.17150976 42.22473648 26.42550976 0 P 0
L 41.97073648 27.18750976 42.22473648 26.93350976 0 P 0
L 42.037 3.175 42.291 2.921 0 P 0
L 42.037 3.683 42.291 3.937 0 P 0
L 42.037 17.145 42.291 17.145 0 P 0
L 42.037 17.399 42.291 17.145 0 P 0
L 42.037 17.399 42.291 17.653 0 P 0
L 42.037 17.653 42.291 17.653 0 P 0
L 42.037 18.669 42.291 18.669 0 P 0
L 42.037 18.923 42.291 18.669 0 P 0
L 42.037 18.923 42.291 19.177 0 P 0
L 42.037 19.177 42.291 19.177 0 P 0
L 42.037 20.066 42.291 20.066 0 P 0
L 42.037 20.32 42.291 20.066 0 P 0
L 42.037 20.32 42.291 20.574 0 P 0
L 42.037 20.574 42.291 20.574 0 P 0
L 42.037 22.352 42.291 22.606 0 P 0
L 42.037 23.368 42.291 23.114 0 P 0
L 42.037 23.368 42.291 23.622 0 P 0
L 42.037 24.384 42.291 24.13 0 P 0
L 42.037 28.194 42.291 28.194 0 P 0
L 42.037 28.448 42.291 28.194 0 P 0
L 42.037 28.448 42.291 28.702 0 P 0
L 42.037 28.702 42.291 28.702 0 P 0
L 42.22473648 26.42550976 42.47873648 26.42550976 0 P 0
L 42.22473648 26.67950976 42.47873648 26.42550976 0 P 0
L 42.22473648 26.67950976 42.47873648 26.93350976 0 P 0
L 42.22473648 26.93350976 42.47873648 26.93350976 0 P 0
L 42.291 2.921 42.545 3.175 0 P 0
L 42.291 3.937 42.545 3.683 0 P 0
L 42.291 22.606 42.545 22.606 0 P 0
L 42.291 22.606 42.545 22.606 0 P 0
L 42.291 22.606 42.545 22.86 0 P 0
L 42.291 22.86 42.545 22.606 0 P 0
L 42.291 22.86 42.545 23.114 0 P 0
L 42.291 23.114 42.545 22.86 0 P 0
L 42.291 23.114 42.545 23.114 0 P 0
L 42.291 23.114 42.545 23.114 0 P 0
L 42.291 23.622 42.545 23.622 0 P 0
L 42.291 23.622 42.545 23.622 0 P 0
L 42.291 23.622 42.545 23.876 0 P 0
L 42.291 23.876 42.545 23.622 0 P 0
L 42.291 23.876 42.545 24.13 0 P 0
L 42.291 24.13 42.545 23.876 0 P 0
L 42.291 24.13 42.545 24.13 0 P 0
L 42.291 24.13 42.545 24.13 0 P 0
L 42.418 1.27 42.672 1.27 0 P 0
L 42.418 1.27 42.672 1.524 0 P 0
L 42.418 1.778 42.672 1.524 0 P 0
L 42.418 1.778 42.672 1.778 0 P 0
L 42.545 3.175 42.799 3.175 0 P 0
L 42.545 3.175 42.799 3.175 0 P 0
L 42.545 3.175 42.799 3.429 0 P 0
L 42.545 3.429 42.799 3.175 0 P 0
L 42.545 3.429 42.799 3.683 0 P 0
L 42.545 3.683 42.799 3.429 0 P 0
L 42.545 3.683 42.799 3.683 0 P 0
L 42.545 3.683 42.799 3.683 0 P 0
L 42.545 22.606 42.799 22.352 0 P 0
L 42.545 23.114 42.799 23.368 0 P 0
L 42.545 23.622 42.799 23.368 0 P 0
L 42.545 24.13 42.799 24.384 0 P 0
L 42.672 1.27 42.926 1.016 0 P 0
L 42.672 1.778 42.926 2.032 0 P 0
L 42.799 3.175 43.053 2.921 0 P 0
L 42.799 3.683 43.053 3.937 0 P 0
L 42.799 22.352 43.053 22.606 0 P 0
L 42.799 23.368 43.053 23.114 0 P 0
L 42.799 23.368 43.053 23.622 0 P 0
L 42.799 24.384 43.053 24.13 0 P 0
L 42.926 1.016 43.18 1.27 0 P 0
L 42.926 2.032 43.18 1.778 0 P 0
L 43.053 2.921 43.307 3.175 0 P 0
L 43.053 3.937 43.307 3.683 0 P 0
L 43.053 22.606 43.307 22.606 0 P 0
L 43.053 22.606 43.307 22.606 0 P 0
L 43.053 22.606 43.307 22.86 0 P 0
L 43.053 22.86 43.307 22.606 0 P 0
L 43.053 22.86 43.307 23.114 0 P 0
L 43.053 23.114 43.307 22.86 0 P 0
L 43.053 23.114 43.307 23.114 0 P 0
L 43.053 23.114 43.307 23.114 0 P 0
L 43.053 23.622 43.307 23.622 0 P 0
L 43.053 23.622 43.307 23.622 0 P 0
L 43.053 23.622 43.307 23.876 0 P 0
L 43.053 23.876 43.307 23.622 0 P 0
L 43.053 23.876 43.307 24.13 0 P 0
L 43.053 24.13 43.307 23.876 0 P 0
L 43.053 24.13 43.307 24.13 0 P 0
L 43.053 24.13 43.307 24.13 0 P 0
L 43.18 1.27 43.434 1.27 0 P 0
L 43.18 1.524 43.434 1.27 0 P 0
L 43.18 1.524 43.434 1.778 0 P 0
L 43.18 1.778 43.434 1.778 0 P 0
L 43.18 17.145 43.434 17.145 0 P 0
L 43.18 17.145 43.434 17.399 0 P 0
L 43.18 17.653 43.434 17.399 0 P 0
L 43.18 17.653 43.434 17.653 0 P 0
L 43.18 18.669 43.434 18.669 0 P 0
L 43.18 18.669 43.434 18.923 0 P 0
L 43.18 19.177 43.434 18.923 0 P 0
L 43.18 19.177 43.434 19.177 0 P 0
L 43.18 20.193 43.434 20.193 0 P 0
L 43.18 20.193 43.434 20.447 0 P 0
L 43.18 20.701 43.434 20.447 0 P 0
L 43.18 20.701 43.434 20.701 0 P 0
L 43.307 3.175 43.561 3.175 0 P 0
L 43.307 3.429 43.561 3.175 0 P 0
L 43.307 3.429 43.561 3.683 0 P 0
L 43.307 3.683 43.561 3.683 0 P 0
L 43.307 22.606 43.561 22.352 0 P 0
L 43.307 23.114 43.561 23.368 0 P 0
L 43.307 23.622 43.561 23.368 0 P 0
L 43.307 24.13 43.561 24.384 0 P 0
L 43.434 17.145 43.688 16.891 0 P 0
L 43.434 17.653 43.688 17.907 0 P 0
L 43.434 18.669 43.688 18.415 0 P 0
L 43.434 19.177 43.688 19.431 0 P 0
L 43.434 20.193 43.688 19.939 0 P 0
L 43.434 20.701 43.688 20.955 0 P 0
L 43.434 28.194 43.688 28.194 0 P 0
L 43.434 28.194 43.688 28.448 0 P 0
L 43.434 28.702 43.688 28.448 0 P 0
L 43.434 28.702 43.688 28.702 0 P 0
L 43.561 22.352 43.815 22.606 0 P 0
L 43.561 23.368 43.815 23.114 0 P 0
L 43.561 23.368 43.815 23.622 0 P 0
L 43.561 24.384 43.815 24.13 0 P 0
L 43.688 16.891 43.942 17.145 0 P 0
L 43.688 17.907 43.942 17.653 0 P 0
L 43.688 18.415 43.942 18.669 0 P 0
L 43.688 19.431 43.942 19.177 0 P 0
L 43.688 19.939 43.942 20.193 0 P 0
L 43.688 20.955 43.942 20.701 0 P 0
L 43.688 28.194 43.942 27.94 0 P 0
L 43.688 28.702 43.942 28.956 0 P 0
L 43.815 22.606 44.069 22.606 0 P 0
L 43.815 22.606 44.069 22.606 0 P 0
L 43.815 22.606 44.069 22.86 0 P 0
L 43.815 22.86 44.069 22.606 0 P 0
L 43.815 22.86 44.069 23.114 0 P 0
L 43.815 23.114 44.069 22.86 0 P 0
L 43.815 23.114 44.069 23.114 0 P 0
L 43.815 23.114 44.069 23.114 0 P 0
L 43.815 23.622 44.069 23.622 0 P 0
L 43.815 23.622 44.069 23.622 0 P 0
L 43.815 23.622 44.069 23.876 0 P 0
L 43.815 23.876 44.069 23.622 0 P 0
L 43.815 23.876 44.069 24.13 0 P 0
L 43.815 24.13 44.069 23.876 0 P 0
L 43.815 24.13 44.069 24.13 0 P 0
L 43.815 24.13 44.069 24.13 0 P 0
L 43.942 17.145 44.196 17.145 0 P 0
L 43.942 17.399 44.196 17.145 0 P 0
L 43.942 17.399 44.196 17.653 0 P 0
L 43.942 17.653 44.196 17.653 0 P 0
L 43.942 18.669 44.196 18.669 0 P 0
L 43.942 18.923 44.196 18.669 0 P 0
L 43.942 18.923 44.196 19.177 0 P 0
L 43.942 19.177 44.196 19.177 0 P 0
L 43.942 20.193 44.196 20.193 0 P 0
L 43.942 20.447 44.196 20.193 0 P 0
L 43.942 20.447 44.196 20.701 0 P 0
L 43.942 20.701 44.196 20.701 0 P 0
L 43.942 27.94 44.196 28.194 0 P 0
L 43.942 28.956 44.196 28.702 0 P 0
L 44.069 22.606 44.323 22.352 0 P 0
L 44.069 23.114 44.323 23.368 0 P 0
L 44.069 23.622 44.323 23.368 0 P 0
L 44.069 24.13 44.323 24.384 0 P 0
L 44.196 28.194 44.45 28.194 0 P 0
L 44.196 28.448 44.45 28.194 0 P 0
L 44.196 28.448 44.45 28.702 0 P 0
L 44.196 28.702 44.45 28.702 0 P 0
L 44.323 22.352 44.577 22.606 0 P 0
L 44.323 23.368 44.577 23.114 0 P 0
L 44.323 23.368 44.577 23.622 0 P 0
L 44.323 24.384 44.577 24.13 0 P 0
L 44.577 22.606 44.831 22.606 0 P 0
L 44.577 22.606 44.831 22.606 0 P 0
L 44.577 22.606 44.831 22.86 0 P 0
L 44.577 22.86 44.831 22.606 0 P 0
L 44.577 22.86 44.831 23.114 0 P 0
L 44.577 23.114 44.831 22.86 0 P 0
L 44.577 23.114 44.831 23.114 0 P 0
L 44.577 23.114 44.831 23.114 0 P 0
L 44.577 23.622 44.831 23.622 0 P 0
L 44.577 23.622 44.831 23.622 0 P 0
L 44.577 23.622 44.831 23.876 0 P 0
L 44.577 23.876 44.831 23.622 0 P 0
L 44.577 23.876 44.831 24.13 0 P 0
L 44.577 24.13 44.831 23.876 0 P 0
L 44.577 24.13 44.831 24.13 0 P 0
L 44.577 24.13 44.831 24.13 0 P 0
L 44.704 20.32 44.958 20.32 0 P 0
L 44.704 20.32 44.958 20.574 0 P 0
L 44.704 20.828 44.958 20.574 0 P 0
L 44.704 20.828 44.958 20.828 0 P 0
L 44.704 21.082 44.958 21.082 0 P 0
L 44.704 21.082 44.958 21.336 0 P 0
L 44.704 21.59 44.958 21.336 0 P 0
L 44.704 21.59 44.958 21.59 0 P 0
L 44.704 21.844 44.958 21.844 0 P 0
L 44.704 21.844 44.958 22.098 0 P 0
L 44.704 22.352 44.958 22.098 0 P 0
L 44.704 22.352 44.958 22.352 0 P 0
L 44.831 22.606 45.085 22.352 0 P 0
L 44.831 23.114 45.085 23.368 0 P 0
L 44.831 23.622 45.085 23.368 0 P 0
L 44.831 24.13 45.085 24.384 0 P 0
L 44.958 1.27 45.212 1.27 0 P 0
L 44.958 1.27 45.212 1.524 0 P 0
L 44.958 1.778 45.212 1.524 0 P 0
L 44.958 1.778 45.212 1.778 0 P 0
L 44.958 4.318 45.212 4.318 0 P 0
L 44.958 4.318 45.212 4.572 0 P 0
L 44.958 4.826 45.212 4.572 0 P 0
L 44.958 4.826 45.212 4.826 0 P 0
L 44.958 20.32 45.212 20.066 0 P 0
L 44.958 20.828 45.212 21.082 0 P 0
L 44.958 21.082 45.212 20.828 0 P 0
L 44.958 21.59 45.212 21.844 0 P 0
L 44.958 21.844 45.212 21.59 0 P 0
L 44.958 22.352 45.212 22.606 0 P 0
L 45.085 22.352 45.339 22.606 0 P 0
L 45.085 23.368 45.339 23.114 0 P 0
L 45.085 23.368 45.339 23.622 0 P 0
L 45.085 24.384 45.339 24.13 0 P 0
L 45.212 1.27 45.466 1.016 0 P 0
L 45.212 1.778 45.466 2.032 0 P 0
L 45.212 4.318 45.466 4.064 0 P 0
L 45.212 4.826 45.466 5.08 0 P 0
L 45.212 20.066 45.466 20.32 0 P 0
L 45.212 20.828 45.466 21.082 0 P 0
L 45.212 21.082 45.466 20.828 0 P 0
L 45.212 21.59 45.466 21.844 0 P 0
L 45.212 21.844 45.466 21.59 0 P 0
L 45.212 22.606 45.466 22.352 0 P 0
L 45.339 22.606 45.593 22.606 0 P 0
L 45.339 22.86 45.593 22.606 0 P 0
L 45.339 22.86 45.593 23.114 0 P 0
L 45.339 23.114 45.593 23.114 0 P 0
L 45.339 23.622 45.593 23.622 0 P 0
L 45.339 23.876 45.593 23.622 0 P 0
L 45.339 23.876 45.593 24.13 0 P 0
L 45.339 24.13 45.593 24.13 0 P 0
L 45.339 26.289 45.593 26.289 0 P 0
L 45.339 26.289 45.593 26.543 0 P 0
L 45.339 26.797 45.593 26.543 0 P 0
L 45.339 26.797 45.593 26.797 0 P 0
L 45.466 1.016 45.72 1.27 0 P 0
L 45.466 2.032 45.72 1.778 0 P 0
L 45.466 4.064 45.72 4.318 0 P 0
L 45.466 5.08 45.72 4.826 0 P 0
L 45.466 20.32 45.72 20.32 0 P 0
L 45.466 20.574 45.72 20.32 0 P 0
L 45.466 20.574 45.72 20.828 0 P 0
L 45.466 20.828 45.72 20.828 0 P 0
L 45.466 21.082 45.72 21.082 0 P 0
L 45.466 21.336 45.72 21.082 0 P 0
L 45.466 21.336 45.72 21.59 0 P 0
L 45.466 21.59 45.72 21.59 0 P 0
L 45.466 21.844 45.72 21.844 0 P 0
L 45.466 22.098 45.72 21.844 0 P 0
L 45.466 22.098 45.72 22.352 0 P 0
L 45.466 22.352 45.72 22.352 0 P 0
L 45.466 28.321 45.72 28.321 0 P 0
L 45.466 28.321 45.72 28.575 0 P 0
L 45.466 28.829 45.72 28.575 0 P 0
L 45.466 28.829 45.72 28.829 0 P 0
L 45.52200192 11.684 45.77600192 11.684 0 P 0
L 45.52200192 11.684 45.77600192 11.938 0 P 0
L 45.52200192 12.192 45.77600192 11.938 0 P 0
L 45.52200192 12.192 45.77600192 12.192 0 P 0
L 45.593 20.32 45.847 20.32 0 P 0
L 45.593 20.32 45.847 20.574 0 P 0
L 45.593 20.828 45.847 20.574 0 P 0
L 45.593 20.828 45.847 20.828 0 P 0
L 45.593 21.082 45.847 21.082 0 P 0
L 45.593 21.082 45.847 21.336 0 P 0
L 45.593 21.59 45.847 21.336 0 P 0
L 45.593 21.59 45.847 21.59 0 P 0
L 45.593 21.844 45.847 21.844 0 P 0
L 45.593 21.844 45.847 22.098 0 P 0
L 45.593 22.352 45.847 22.098 0 P 0
L 45.593 22.352 45.847 22.352 0 P 0
L 45.593 26.289 45.847 26.035 0 P 0
L 45.593 26.797 45.847 27.051 0 P 0
L 45.72 1.27 45.974 1.27 0 P 0
L 45.72 1.524 45.974 1.27 0 P 0
L 45.72 1.524 45.974 1.778 0 P 0
L 45.72 1.778 45.974 1.778 0 P 0
L 45.72 4.318 45.974 4.318 0 P 0
L 45.72 4.572 45.974 4.318 0 P 0
L 45.72 4.572 45.974 4.826 0 P 0
L 45.72 4.826 45.974 4.826 0 P 0
L 45.72 28.321 45.974 28.067 0 P 0
L 45.72 28.829 45.974 29.083 0 P 0
L 45.77600192 11.684 46.03000192 11.43 0 P 0
L 45.77600192 12.192 46.03000192 12.446 0 P 0
L 45.847 20.32 46.101 20.066 0 P 0
L 45.847 20.828 46.101 21.082 0 P 0
L 45.847 21.082 46.101 20.828 0 P 0
L 45.847 21.59 46.101 21.844 0 P 0
L 45.847 21.844 46.101 21.59 0 P 0
L 45.847 22.352 46.101 22.606 0 P 0
L 45.847 26.035 46.101 26.289 0 P 0
L 45.847 27.051 46.101 26.797 0 P 0
L 45.974 28.067 46.228 28.321 0 P 0
L 45.974 29.083 46.228 28.829 0 P 0
L 46.03000192 11.43 46.28400192 11.684 0 P 0
L 46.03000192 12.446 46.28400192 12.192 0 P 0
L 46.101 20.066 46.355 20.32 0 P 0
L 46.101 20.828 46.355 21.082 0 P 0
L 46.101 21.082 46.355 20.828 0 P 0
L 46.101 21.59 46.355 21.844 0 P 0
L 46.101 21.844 46.355 21.59 0 P 0
L 46.101 22.606 46.355 22.352 0 P 0
L 46.101 26.289 46.355 26.289 0 P 0
L 46.101 26.543 46.355 26.289 0 P 0
L 46.101 26.543 46.355 26.797 0 P 0
L 46.101 26.797 46.355 26.797 0 P 0
L 46.228 3.81 46.482 3.81 0 P 0
L 46.228 3.81 46.482 4.064 0 P 0
L 46.228 4.318 46.482 4.064 0 P 0
L 46.228 4.318 46.482 4.318 0 P 0
L 46.228 28.321 46.482 28.321 0 P 0
L 46.228 28.575 46.482 28.321 0 P 0
L 46.228 28.575 46.482 28.829 0 P 0
L 46.228 28.829 46.482 28.829 0 P 0
L 46.28400192 11.684 46.53800192 11.684 0 P 0
L 46.28400192 11.938 46.53800192 11.684 0 P 0
L 46.28400192 11.938 46.53800192 12.192 0 P 0
L 46.28400192 12.192 46.53800192 12.192 0 P 0
L 46.355 20.32 46.609 20.32 0 P 0
L 46.355 20.574 46.609 20.32 0 P 0
L 46.355 20.574 46.609 20.828 0 P 0
L 46.355 20.828 46.609 20.828 0 P 0
L 46.355 21.082 46.609 21.082 0 P 0
L 46.355 21.336 46.609 21.082 0 P 0
L 46.355 21.336 46.609 21.59 0 P 0
L 46.355 21.59 46.609 21.59 0 P 0
L 46.355 21.844 46.609 21.844 0 P 0
L 46.355 22.098 46.609 21.844 0 P 0
L 46.355 22.098 46.609 22.352 0 P 0
L 46.355 22.352 46.609 22.352 0 P 0
L 46.355 22.733 46.609 22.733 0 P 0
L 46.355 22.733 46.609 22.987 0 P 0
L 46.355 23.241 46.609 22.987 0 P 0
L 46.355 23.241 46.609 23.241 0 P 0
L 46.482 3.81 46.736 3.556 0 P 0
L 46.482 4.318 46.736 4.572 0 P 0
L 46.609 22.733 46.863 22.479 0 P 0
L 46.609 23.241 46.863 23.495 0 P 0
L 46.736 3.556 46.99 3.81 0 P 0
L 46.736 4.572 46.99 4.318 0 P 0
L 46.863 22.479 47.117 22.733 0 P 0
L 46.863 23.495 47.117 23.241 0 P 0
L 46.99 3.81 47.244 3.81 0 P 0
L 46.99 4.064 47.244 3.81 0 P 0
L 46.99 4.064 47.244 4.318 0 P 0
L 46.99 4.318 47.244 4.318 0 P 0
L 47.117 22.733 47.371 22.733 0 P 0
L 47.117 22.987 47.371 22.733 0 P 0
L 47.117 22.987 47.371 23.241 0 P 0
L 47.117 23.241 47.371 23.241 0 P 0
L 47.244 22.733 47.498 22.733 0 P 0
L 47.244 22.733 47.498 22.987 0 P 0
L 47.244 23.241 47.498 22.987 0 P 0
L 47.244 23.241 47.498 23.241 0 P 0
L 47.498 1.27 47.752 1.27 0 P 0
L 47.498 1.27 47.752 1.524 0 P 0
L 47.498 1.778 47.752 1.524 0 P 0
L 47.498 1.778 47.752 1.778 0 P 0
L 47.498 22.733 47.752 22.479 0 P 0
L 47.498 23.241 47.752 23.495 0 P 0
L 47.752 1.27 48.006 1.016 0 P 0
L 47.752 1.778 48.006 2.032 0 P 0
L 47.752 22.479 48.006 22.733 0 P 0
L 47.752 23.495 48.006 23.241 0 P 0
L 47.879 14.224 48.133 14.224 0 P 0
L 47.879 14.224 48.133 14.478 0 P 0
L 47.879 14.732 48.133 14.478 0 P 0
L 47.879 14.732 48.133 14.732 0 P 0
L 48.006 1.016 48.26 1.27 0 P 0
L 48.006 2.032 48.26 1.778 0 P 0
L 48.006 22.733 48.26 22.733 0 P 0
L 48.006 22.987 48.26 22.733 0 P 0
L 48.006 22.987 48.26 23.241 0 P 0
L 48.006 23.241 48.26 23.241 0 P 0
L 48.133 5.715 48.387 5.715 0 P 0
L 48.133 5.715 48.387 5.969 0 P 0
L 48.133 6.223 48.387 5.969 0 P 0
L 48.133 6.223 48.387 6.223 0 P 0
L 48.133 14.224 48.387 13.97 0 P 0
L 48.133 14.732 48.387 14.986 0 P 0
L 48.26 1.27 48.514 1.27 0 P 0
L 48.26 1.524 48.514 1.27 0 P 0
L 48.26 1.524 48.514 1.778 0 P 0
L 48.26 1.778 48.514 1.778 0 P 0
L 48.26 28.194 48.514 28.194 0 P 0
L 48.26 28.194 48.514 28.448 0 P 0
L 48.26 28.702 48.514 28.448 0 P 0
L 48.26 28.702 48.514 28.702 0 P 0
L 48.387 5.715 48.641 5.461 0 P 0
L 48.387 6.223 48.641 6.477 0 P 0
L 48.387 13.97 48.641 14.224 0 P 0
L 48.387 14.986 48.641 14.732 0 P 0
L 48.514 14.9098 48.768 14.9098 0 P 0
L 48.514 14.9098 48.768 15.1638 0 P 0
L 48.514 15.4178 48.768 15.1638 0 P 0
L 48.514 15.4178 48.768 15.4178 0 P 0
L 48.514 28.194 48.768 27.94 0 P 0
L 48.514 28.702 48.768 28.956 0 P 0
L 48.641 5.461 48.895 5.715 0 P 0
L 48.641 6.477 48.895 6.223 0 P 0
L 48.641 14.224 48.895 14.224 0 P 0
L 48.641 14.478 48.895 14.224 0 P 0
L 48.641 14.478 48.895 14.732 0 P 0
L 48.641 14.732 48.895 14.732 0 P 0
L 48.768 3.81 49.022 3.81 0 P 0
L 48.768 3.81 49.022 4.064 0 P 0
L 48.768 4.318 49.022 4.064 0 P 0
L 48.768 4.318 49.022 4.318 0 P 0
L 48.768 14.9098 49.022 14.6558 0 P 0
L 48.768 15.4178 49.022 15.6718 0 P 0
L 48.768 27.94 49.022 28.194 0 P 0
L 48.768 28.956 49.022 28.702 0 P 0
L 48.895 5.715 49.149 5.715 0 P 0
L 48.895 5.969 49.149 5.715 0 P 0
L 48.895 5.969 49.149 6.223 0 P 0
L 48.895 6.223 49.149 6.223 0 P 0
L 48.895 12.192 49.149 12.192 0 P 0
L 48.895 12.192 49.149 12.446 0 P 0
L 48.895 12.7 49.149 12.446 0 P 0
L 48.895 12.7 49.149 12.7 0 P 0
L 49.022 3.81 49.276 3.556 0 P 0
L 49.022 4.318 49.276 4.572 0 P 0
L 49.022 14.6558 49.276 14.9098 0 P 0
L 49.022 15.6718 49.276 15.4178 0 P 0
L 49.022 28.194 49.276 28.194 0 P 0
L 49.022 28.448 49.276 28.194 0 P 0
L 49.022 28.448 49.276 28.702 0 P 0
L 49.022 28.702 49.276 28.702 0 P 0
L 49.149 12.192 49.403 11.938 0 P 0
L 49.149 12.7 49.403 12.954 0 P 0
L 49.149 22.733 49.403 22.733 0 P 0
L 49.149 22.733 49.403 22.987 0 P 0
L 49.149 23.241 49.403 22.987 0 P 0
L 49.149 23.241 49.403 23.241 0 P 0
L 49.276 3.556 49.53 3.81 0 P 0
L 49.276 4.572 49.53 4.318 0 P 0
L 49.276 14.9098 49.53 14.9098 0 P 0
L 49.276 15.1638 49.53 14.9098 0 P 0
L 49.276 15.1638 49.53 15.4178 0 P 0
L 49.276 15.4178 49.53 15.4178 0 P 0
L 49.403 11.938 49.657 12.192 0 P 0
L 49.403 12.954 49.657 12.7 0 P 0
L 49.403 22.733 49.657 22.479 0 P 0
L 49.403 23.241 49.657 23.495 0 P 0
L 49.53 3.81 49.784 3.81 0 P 0
L 49.53 4.064 49.784 3.81 0 P 0
L 49.53 4.064 49.784 4.318 0 P 0
L 49.53 4.318 49.784 4.318 0 P 0
L 49.657 12.192 49.911 12.192 0 P 0
L 49.657 12.446 49.911 12.192 0 P 0
L 49.657 12.446 49.911 12.7 0 P 0
L 49.657 12.7 49.911 12.7 0 P 0
L 49.657 22.479 49.911 22.733 0 P 0
L 49.657 23.495 49.911 23.241 0 P 0
L 49.911 16.51 50.165 16.51 0 P 0
L 49.911 16.51 50.165 16.764 0 P 0
L 49.911 17.018 50.165 16.764 0 P 0
L 49.911 17.018 50.165 17.018 0 P 0
L 49.911 22.733 50.165 22.733 0 P 0
L 49.911 22.987 50.165 22.733 0 P 0
L 49.911 22.987 50.165 23.241 0 P 0
L 49.911 23.241 50.165 23.241 0 P 0
L 50.038 1.27 50.292 1.27 0 P 0
L 50.038 1.27 50.292 1.524 0 P 0
L 50.038 1.778 50.292 1.524 0 P 0
L 50.038 1.778 50.292 1.778 0 P 0
L 50.038 22.733 50.292 22.733 0 P 0
L 50.038 22.733 50.292 22.987 0 P 0
L 50.038 23.241 50.292 22.987 0 P 0
L 50.038 23.241 50.292 23.241 0 P 0
L 50.165 16.51 50.419 16.256 0 P 0
L 50.165 17.018 50.419 17.272 0 P 0
L 50.292 1.27 50.546 1.016 0 P 0
L 50.292 1.778 50.546 2.032 0 P 0
L 50.292 22.733 50.546 22.479 0 P 0
L 50.292 23.241 50.546 23.495 0 P 0
L 50.419 16.256 50.673 16.51 0 P 0
L 50.419 17.272 50.673 17.018 0 P 0
L 50.546 1.016 50.8 1.27 0 P 0
L 50.546 2.032 50.8 1.778 0 P 0
L 50.546 22.479 50.8 22.733 0 P 0
L 50.546 23.495 50.8 23.241 0 P 0
L 50.673 16.51 50.927 16.51 0 P 0
L 50.673 16.51 50.927 16.51 0 P 0
L 50.673 16.51 50.927 16.764 0 P 0
L 50.673 16.764 50.927 16.51 0 P 0
L 50.673 16.764 50.927 17.018 0 P 0
L 50.673 17.018 50.927 16.764 0 P 0
L 50.673 17.018 50.927 17.018 0 P 0
L 50.673 17.018 50.927 17.018 0 P 0
L 50.8 1.27 51.054 1.27 0 P 0
L 50.8 1.524 51.054 1.27 0 P 0
L 50.8 1.524 51.054 1.778 0 P 0
L 50.8 1.778 51.054 1.778 0 P 0
L 50.8 12.319 51.054 12.319 0 P 0
L 50.8 12.319 51.054 12.573 0 P 0
L 50.8 12.827 51.054 12.573 0 P 0
L 50.8 12.827 51.054 12.827 0 P 0
L 50.8 22.733 51.054 22.733 0 P 0
L 50.8 22.987 51.054 22.733 0 P 0
L 50.8 22.987 51.054 23.241 0 P 0
L 50.8 23.241 51.054 23.241 0 P 0
L 50.927 16.51 51.181 16.256 0 P 0
L 50.927 17.018 51.181 17.272 0 P 0
L 51.054 12.319 51.308 12.065 0 P 0
L 51.054 12.827 51.308 13.081 0 P 0
L 51.054 28.194 51.308 28.194 0 P 0
L 51.054 28.194 51.308 28.448 0 P 0
L 51.054 28.702 51.308 28.448 0 P 0
L 51.054 28.702 51.308 28.702 0 P 0
L 51.181 16.256 51.435 16.51 0 P 0
L 51.181 17.272 51.435 17.018 0 P 0
L 51.308 3.81 51.562 3.81 0 P 0
L 51.308 3.81 51.562 4.064 0 P 0
L 51.308 4.318 51.562 4.064 0 P 0
L 51.308 4.318 51.562 4.318 0 P 0
L 51.308 12.065 51.562 12.319 0 P 0
L 51.308 13.081 51.562 12.827 0 P 0
L 51.308 28.194 51.562 27.94 0 P 0
L 51.308 28.702 51.562 28.956 0 P 0
L 51.435 16.51 51.689 16.51 0 P 0
L 51.435 16.764 51.689 16.51 0 P 0
L 51.435 16.764 51.689 17.018 0 P 0
L 51.435 17.018 51.689 17.018 0 P 0
L 51.435 18.923 51.689 18.923 0 P 0
L 51.435 18.923 51.689 19.177 0 P 0
L 51.435 19.431 51.689 19.177 0 P 0
L 51.435 19.431 51.689 19.431 0 P 0
L 51.4604 16.3576 51.7144 16.3576 0 P 0
L 51.4604 16.3576 51.7144 16.6116 0 P 0
L 51.4604 16.8656 51.7144 16.6116 0 P 0
L 51.4604 16.8656 51.7144 16.8656 0 P 0
L 51.562 3.81 51.816 3.556 0 P 0
L 51.562 4.318 51.816 4.572 0 P 0
L 51.562 12.319 51.816 12.319 0 P 0
L 51.562 12.573 51.816 12.319 0 P 0
L 51.562 12.573 51.816 12.827 0 P 0
L 51.562 12.827 51.816 12.827 0 P 0
L 51.562 27.94 51.816 28.194 0 P 0
L 51.562 28.956 51.816 28.702 0 P 0
L 51.689 5.207 51.943 5.207 0 P 0
L 51.689 5.207 51.943 5.461 0 P 0
L 51.689 5.715 51.943 5.461 0 P 0
L 51.689 5.715 51.943 5.715 0 P 0
L 51.689 18.923 51.943 18.669 0 P 0
L 51.689 19.431 51.943 19.685 0 P 0
L 51.7144 16.3576 51.9684 16.1036 0 P 0
L 51.7144 16.8656 51.9684 17.1196 0 P 0
L 51.816 3.556 52.07 3.81 0 P 0
L 51.816 4.572 52.07 4.318 0 P 0
L 51.816 14.986 52.07 14.986 0 P 0
L 51.816 14.986 52.07 15.24 0 P 0
L 51.816 15.494 52.07 15.24 0 P 0
L 51.816 15.494 52.07 15.494 0 P 0
L 51.816 28.194 52.07 28.194 0 P 0
L 51.816 28.448 52.07 28.194 0 P 0
L 51.816 28.448 52.07 28.702 0 P 0
L 51.816 28.702 52.07 28.702 0 P 0
L 51.943 5.207 52.197 4.953 0 P 0
L 51.943 5.715 52.197 5.969 0 P 0
L 51.943 18.669 52.197 18.923 0 P 0
L 51.943 19.685 52.197 19.431 0 P 0
L 51.943 22.733 52.197 22.733 0 P 0
L 51.943 22.733 52.197 22.987 0 P 0
L 51.943 23.241 52.197 22.987 0 P 0
L 51.943 23.241 52.197 23.241 0 P 0
L 51.9684 16.1036 52.2224 16.3576 0 P 0
L 51.9684 17.1196 52.2224 16.8656 0 P 0
L 52.07 3.81 52.324 3.81 0 P 0
L 52.07 4.064 52.324 3.81 0 P 0
L 52.07 4.064 52.324 4.318 0 P 0
L 52.07 4.318 52.324 4.318 0 P 0
L 52.07 14.986 52.324 14.732 0 P 0
L 52.07 15.494 52.324 15.748 0 P 0
L 52.197 4.953 52.451 5.207 0 P 0
L 52.197 5.969 52.451 5.715 0 P 0
L 52.197 18.923 52.451 18.923 0 P 0
L 52.197 19.177 52.451 18.923 0 P 0
L 52.197 19.177 52.451 19.431 0 P 0
L 52.197 19.431 52.451 19.431 0 P 0
L 52.197 22.733 52.451 22.479 0 P 0
L 52.197 23.241 52.451 23.495 0 P 0
L 52.2224 16.3576 52.4764 16.3576 0 P 0
L 52.2224 16.6116 52.4764 16.3576 0 P 0
L 52.2224 16.6116 52.4764 16.8656 0 P 0
L 52.2224 16.8656 52.4764 16.8656 0 P 0
L 52.324 14.732 52.578 14.986 0 P 0
L 52.324 15.748 52.578 15.494 0 P 0
L 52.451 5.207 52.705 5.207 0 P 0
L 52.451 5.461 52.705 5.207 0 P 0
L 52.451 5.461 52.705 5.715 0 P 0
L 52.451 5.715 52.705 5.715 0 P 0
L 52.451 22.479 52.705 22.733 0 P 0
L 52.451 23.495 52.705 23.241 0 P 0
L 52.578 1.27 52.832 1.27 0 P 0
L 52.578 1.27 52.832 1.524 0 P 0
L 52.578 1.778 52.832 1.524 0 P 0
L 52.578 1.778 52.832 1.778 0 P 0
L 52.578 14.986 52.832 14.986 0 P 0
L 52.578 15.24 52.832 14.986 0 P 0
L 52.578 15.24 52.832 15.494 0 P 0
L 52.578 15.494 52.832 15.494 0 P 0
L 52.705 5.207 52.959 5.207 0 P 0
L 52.705 5.207 52.959 5.461 0 P 0
L 52.705 5.715 52.959 5.461 0 P 0
L 52.705 5.715 52.959 5.715 0 P 0
L 52.705 22.733 52.959 22.733 0 P 0
L 52.705 22.987 52.959 22.733 0 P 0
L 52.705 22.987 52.959 23.241 0 P 0
L 52.705 23.241 52.959 23.241 0 P 0
L 52.832 1.27 53.086 1.016 0 P 0
L 52.832 1.778 53.086 2.032 0 P 0
L 52.832 22.733 53.086 22.733 0 P 0
L 52.832 22.733 53.086 22.987 0 P 0
L 52.832 23.241 53.086 22.987 0 P 0
L 52.832 23.241 53.086 23.241 0 P 0
L 52.959 5.207 53.213 4.953 0 P 0
L 52.959 5.715 53.213 5.969 0 P 0
L 53.086 1.016 53.34 1.27 0 P 0
L 53.086 2.032 53.34 1.778 0 P 0
L 53.086 22.733 53.34 22.479 0 P 0
L 53.086 23.241 53.34 23.495 0 P 0
L 53.213 4.953 53.467 5.207 0 P 0
L 53.213 5.969 53.467 5.715 0 P 0
L 53.34 1.27 53.594 1.27 0 P 0
L 53.34 1.524 53.594 1.27 0 P 0
L 53.34 1.524 53.594 1.778 0 P 0
L 53.34 1.778 53.594 1.778 0 P 0
L 53.34 22.479 53.594 22.733 0 P 0
L 53.34 23.495 53.594 23.241 0 P 0
L 53.467 5.207 53.721 5.207 0 P 0
L 53.467 5.461 53.721 5.207 0 P 0
L 53.467 5.461 53.721 5.715 0 P 0
L 53.467 5.715 53.721 5.715 0 P 0
L 53.594 22.733 53.848 22.733 0 P 0
L 53.594 22.987 53.848 22.733 0 P 0
L 53.594 22.987 53.848 23.241 0 P 0
L 53.594 23.241 53.848 23.241 0 P 0
L 53.721 28.194 53.975 28.194 0 P 0
L 53.721 28.194 53.975 28.448 0 P 0
L 53.721 28.702 53.975 28.448 0 P 0
L 53.721 28.702 53.975 28.702 0 P 0
L 53.848 3.81 54.102 3.81 0 P 0
L 53.848 3.81 54.102 4.064 0 P 0
L 53.848 4.318 54.102 4.064 0 P 0
L 53.848 4.318 54.102 4.318 0 P 0
L 53.8734 9.0678 54.1274 9.0678 0 P 0
L 53.8734 9.0678 54.1274 9.3218 0 P 0
L 53.8734 9.5758 54.1274 9.3218 0 P 0
L 53.8734 9.5758 54.1274 9.5758 0 P 0
L 53.975 28.194 54.229 27.94 0 P 0
L 53.975 28.702 54.229 28.956 0 P 0
L 54.102 3.81 54.356 3.556 0 P 0
L 54.102 4.318 54.356 4.572 0 P 0
L 54.1274 9.0678 54.3814 8.8138 0 P 0
L 54.1274 9.5758 54.3814 9.8298 0 P 0
L 54.15571084 15.15084854 54.40971084 15.15084854 0 P 0
L 54.15571084 15.15084854 54.40971084 15.40484854 0 P 0
L 54.15571084 15.65884854 54.40971084 15.40484854 0 P 0
L 54.15571084 15.65884854 54.40971084 15.65884854 0 P 0
L 54.229 27.94 54.483 28.194 0 P 0
L 54.229 28.956 54.483 28.702 0 P 0
L 54.356 3.556 54.61 3.81 0 P 0
L 54.356 4.572 54.61 4.318 0 P 0
L 54.3814 8.8138 54.6354 9.0678 0 P 0
L 54.3814 9.8298 54.6354 9.5758 0 P 0
L 54.40971084 15.15084854 54.66371084 14.89684854 0 P 0
L 54.40971084 15.65884854 54.66371084 15.91284854 0 P 0
L 54.483 28.194 54.737 28.194 0 P 0
L 54.483 28.448 54.737 28.194 0 P 0
L 54.483 28.448 54.737 28.702 0 P 0
L 54.483 28.702 54.737 28.702 0 P 0
L 54.61 3.81 54.864 3.81 0 P 0
L 54.61 4.064 54.864 3.81 0 P 0
L 54.61 4.064 54.864 4.318 0 P 0
L 54.61 4.318 54.864 4.318 0 P 0
L 54.6354 9.0678 54.8894 9.0678 0 P 0
L 54.6354 9.3218 54.8894 9.0678 0 P 0
L 54.6354 9.3218 54.8894 9.5758 0 P 0
L 54.6354 9.5758 54.8894 9.5758 0 P 0
L 54.66371084 14.89684854 54.91771084 15.15084854 0 P 0
L 54.66371084 15.91284854 54.91771084 15.65884854 0 P 0
L 54.737 22.733 54.991 22.733 0 P 0
L 54.737 22.733 54.991 22.987 0 P 0
L 54.737 23.241 54.991 22.987 0 P 0
L 54.737 23.241 54.991 23.241 0 P 0
L 54.91771084 15.15084854 55.17171084 15.15084854 0 P 0
L 54.91771084 15.40484854 55.17171084 15.15084854 0 P 0
L 54.91771084 15.40484854 55.17171084 15.65884854 0 P 0
L 54.91771084 15.65884854 55.17171084 15.65884854 0 P 0
L 54.991 22.733 55.245 22.479 0 P 0
L 54.991 23.241 55.245 23.495 0 P 0
L 55.118 1.27 55.372 1.27 0 P 0
L 55.118 1.27 55.372 1.524 0 P 0
L 55.118 1.778 55.372 1.524 0 P 0
L 55.118 1.778 55.372 1.778 0 P 0
L 55.245 22.479 55.499 22.733 0 P 0
L 55.245 23.495 55.499 23.241 0 P 0
L 55.372 1.27 55.626 1.016 0 P 0
L 55.372 1.778 55.626 2.032 0 P 0
L 55.499 22.733 55.753 22.733 0 P 0
L 55.499 22.987 55.753 22.733 0 P 0
L 55.499 22.987 55.753 23.241 0 P 0
L 55.499 23.241 55.753 23.241 0 P 0
L 55.5117 5.2578 55.7657 5.2578 0 P 0
L 55.5117 5.2578 55.7657 5.5118 0 P 0
L 55.5117 5.7658 55.7657 5.5118 0 P 0
L 55.5117 5.7658 55.7657 5.7658 0 P 0
L 55.626 1.016 55.88 1.27 0 P 0
L 55.626 2.032 55.88 1.778 0 P 0
L 55.626 22.733 55.88 22.733 0 P 0
L 55.626 22.733 55.88 22.987 0 P 0
L 55.626 23.241 55.88 22.987 0 P 0
L 55.626 23.241 55.88 23.241 0 P 0
L 55.7657 5.2578 56.0197 5.0038 0 P 0
L 55.7657 5.7658 56.0197 6.0198 0 P 0
L 55.88 1.27 56.134 1.27 0 P 0
L 55.88 1.524 56.134 1.27 0 P 0
L 55.88 1.524 56.134 1.778 0 P 0
L 55.88 1.778 56.134 1.778 0 P 0
L 55.88 22.733 56.134 22.479 0 P 0
L 55.88 23.241 56.134 23.495 0 P 0
L 56.0197 5.0038 56.2737 5.2578 0 P 0
L 56.0197 6.0198 56.2737 5.7658 0 P 0
L 56.134 22.479 56.388 22.733 0 P 0
L 56.134 23.495 56.388 23.241 0 P 0
L 56.2483 5.2578 56.5023 5.2578 0 P 0
L 56.2483 5.2578 56.5023 5.5118 0 P 0
L 56.2483 5.7658 56.5023 5.5118 0 P 0
L 56.2483 5.7658 56.5023 5.7658 0 P 0
L 56.2737 5.2578 56.5277 5.2578 0 P 0
L 56.2737 5.5118 56.5277 5.2578 0 P 0
L 56.2737 5.5118 56.5277 5.7658 0 P 0
L 56.2737 5.7658 56.5277 5.7658 0 P 0
L 56.388 22.733 56.642 22.733 0 P 0
L 56.388 22.987 56.642 22.733 0 P 0
L 56.388 22.987 56.642 23.241 0 P 0
L 56.388 23.241 56.642 23.241 0 P 0
L 56.5023 5.2578 56.7563 5.0038 0 P 0
L 56.5023 5.7658 56.7563 6.0198 0 P 0
L 56.642 28.194 56.896 28.194 0 P 0
L 56.642 28.194 56.896 28.448 0 P 0
L 56.642 28.702 56.896 28.448 0 P 0
L 56.642 28.702 56.896 28.702 0 P 0
L 56.7563 5.0038 57.0103 5.2578 0 P 0
L 56.7563 6.0198 57.0103 5.7658 0 P 0
L 56.896 28.194 57.15 27.94 0 P 0
L 56.896 28.702 57.15 28.956 0 P 0
L 57.0103 5.2578 57.2643 5.2578 0 P 0
L 57.0103 5.5118 57.2643 5.2578 0 P 0
L 57.0103 5.5118 57.2643 5.7658 0 P 0
L 57.0103 5.7658 57.2643 5.7658 0 P 0
L 57.15 27.94 57.404 28.194 0 P 0
L 57.15 28.956 57.404 28.702 0 P 0
L 57.404 28.194 57.658 28.194 0 P 0
L 57.404 28.448 57.658 28.194 0 P 0
L 57.404 28.448 57.658 28.702 0 P 0
L 57.404 28.702 57.658 28.702 0 P 0
L 57.531 22.733 57.785 22.733 0 P 0
L 57.531 22.733 57.785 22.987 0 P 0
L 57.531 23.241 57.785 22.987 0 P 0
L 57.531 23.241 57.785 23.241 0 P 0
L 57.658 1.27 57.912 1.27 0 P 0
L 57.658 1.27 57.912 1.524 0 P 0
L 57.658 1.778 57.912 1.524 0 P 0
L 57.658 1.778 57.912 1.778 0 P 0
L 57.785 5.461 58.039 5.461 0 P 0
L 57.785 5.461 58.039 5.715 0 P 0
L 57.785 5.969 58.039 5.715 0 P 0
L 57.785 5.969 58.039 5.969 0 P 0
L 57.785 22.733 58.039 22.479 0 P 0
L 57.785 23.241 58.039 23.495 0 P 0
L 57.912 1.27 58.166 1.016 0 P 0
L 57.912 1.778 58.166 2.032 0 P 0
L 58.039 5.461 58.293 5.207 0 P 0
L 58.039 5.969 58.293 6.223 0 P 0
L 58.039 22.479 58.293 22.733 0 P 0
L 58.039 23.495 58.293 23.241 0 P 0
L 58.166 1.016 58.42 1.27 0 P 0
L 58.166 2.032 58.42 1.778 0 P 0
L 58.293 5.207 58.547 5.461 0 P 0
L 58.293 6.223 58.547 5.969 0 P 0
L 58.293 9.906 58.547 9.906 0 P 0
L 58.293 9.906 58.547 10.16 0 P 0
L 58.293 10.414 58.547 10.16 0 P 0
L 58.293 10.414 58.547 10.414 0 P 0
L 58.293 22.733 58.547 22.733 0 P 0
L 58.293 22.987 58.547 22.733 0 P 0
L 58.293 22.987 58.547 23.241 0 P 0
L 58.293 23.241 58.547 23.241 0 P 0
L 58.42 1.27 58.674 1.27 0 P 0
L 58.42 1.524 58.674 1.27 0 P 0
L 58.42 1.524 58.674 1.778 0 P 0
L 58.42 1.778 58.674 1.778 0 P 0
L 58.42 22.733 58.674 22.733 0 P 0
L 58.42 22.733 58.674 22.987 0 P 0
L 58.42 23.241 58.674 22.987 0 P 0
L 58.42 23.241 58.674 23.241 0 P 0
L 58.547 5.461 58.801 5.461 0 P 0
L 58.547 5.715 58.801 5.461 0 P 0
L 58.547 5.715 58.801 5.969 0 P 0
L 58.547 5.969 58.801 5.969 0 P 0
L 58.547 9.906 58.801 9.652 0 P 0
L 58.547 10.414 58.801 10.668 0 P 0
L 58.547 14.097 58.801 14.097 0 P 0
L 58.547 14.097 58.801 14.351 0 P 0
L 58.547 14.605 58.801 14.351 0 P 0
L 58.547 14.605 58.801 14.605 0 P 0
L 58.674 7.493 58.928 7.493 0 P 0
L 58.674 7.493 58.928 7.747 0 P 0
L 58.674 8.001 58.928 7.747 0 P 0
L 58.674 8.001 58.928 8.001 0 P 0
L 58.674 10.922 58.928 10.922 0 P 0
L 58.674 10.922 58.928 11.176 0 P 0
L 58.674 11.43 58.928 11.176 0 P 0
L 58.674 11.43 58.928 11.43 0 P 0
L 58.674 22.733 58.928 22.479 0 P 0
L 58.674 23.241 58.928 23.495 0 P 0
L 58.801 9.652 59.055 9.906 0 P 0
L 58.801 10.668 59.055 10.414 0 P 0
L 58.801 14.097 59.055 13.843 0 P 0
L 58.801 14.605 59.055 14.859 0 P 0
L 58.928 3.81 59.182 3.81 0 P 0
L 58.928 3.81 59.182 4.064 0 P 0
L 58.928 4.318 59.182 4.064 0 P 0
L 58.928 4.318 59.182 4.318 0 P 0
L 58.928 7.493 59.182 7.239 0 P 0
L 58.928 8.001 59.182 8.255 0 P 0
L 58.928 8.89 59.182 8.89 0 P 0
L 58.928 8.89 59.182 9.144 0 P 0
L 58.928 9.398 59.182 9.144 0 P 0
L 58.928 9.398 59.182 9.398 0 P 0
L 58.928 10.922 59.182 10.668 0 P 0
L 58.928 11.43 59.182 11.684 0 P 0
L 58.928 22.479 59.182 22.733 0 P 0
L 58.928 23.495 59.182 23.241 0 P 0
L 59.055 9.906 59.309 9.906 0 P 0
L 59.055 10.16 59.309 9.906 0 P 0
L 59.055 10.16 59.309 10.414 0 P 0
L 59.055 10.414 59.309 10.414 0 P 0
L 59.055 13.843 59.309 14.097 0 P 0
L 59.055 14.859 59.309 14.605 0 P 0
L 59.182 3.81 59.436 3.556 0 P 0
L 59.182 4.318 59.436 4.572 0 P 0
L 59.182 7.239 59.436 7.493 0 P 0
L 59.182 8.255 59.436 8.001 0 P 0
L 59.182 8.89 59.436 8.636 0 P 0
L 59.182 9.398 59.436 9.652 0 P 0
L 59.182 10.668 59.436 10.922 0 P 0
L 59.182 11.684 59.436 11.43 0 P 0
L 59.182 22.733 59.436 22.733 0 P 0
L 59.182 22.987 59.436 22.733 0 P 0
L 59.182 22.987 59.436 23.241 0 P 0
L 59.182 23.241 59.436 23.241 0 P 0
L 59.309 12.827 59.563 12.827 0 P 0
L 59.309 12.827 59.563 13.081 0 P 0
L 59.309 13.335 59.563 13.081 0 P 0
L 59.309 13.335 59.563 13.335 0 P 0
L 59.309 14.097 59.563 14.097 0 P 0
L 59.309 14.351 59.563 14.097 0 P 0
L 59.309 14.351 59.563 14.605 0 P 0
L 59.309 14.605 59.563 14.605 0 P 0
L 59.436 3.556 59.69 3.81 0 P 0
L 59.436 4.572 59.69 4.318 0 P 0
L 59.436 7.493 59.69 7.493 0 P 0
L 59.436 7.747 59.69 7.493 0 P 0
L 59.436 7.747 59.69 8.001 0 P 0
L 59.436 8.001 59.69 8.001 0 P 0
L 59.436 8.636 59.69 8.89 0 P 0
L 59.436 9.652 59.69 9.398 0 P 0
L 59.436 10.922 59.69 10.922 0 P 0
L 59.436 11.176 59.69 10.922 0 P 0
L 59.436 11.176 59.69 11.43 0 P 0
L 59.436 11.43 59.69 11.43 0 P 0
L 59.436 28.194 59.69 28.194 0 P 0
L 59.436 28.194 59.69 28.448 0 P 0
L 59.436 28.702 59.69 28.448 0 P 0
L 59.436 28.702 59.69 28.702 0 P 0
L 59.563 12.827 59.817 12.573 0 P 0
L 59.563 13.335 59.817 13.589 0 P 0
L 59.69 3.81 59.944 3.81 0 P 0
L 59.69 4.064 59.944 3.81 0 P 0
L 59.69 4.064 59.944 4.318 0 P 0
L 59.69 4.318 59.944 4.318 0 P 0
L 59.69 8.89 59.944 8.89 0 P 0
L 59.69 9.144 59.944 8.89 0 P 0
L 59.69 9.144 59.944 9.398 0 P 0
L 59.69 9.398 59.944 9.398 0 P 0
L 59.69 28.194 59.944 27.94 0 P 0
L 59.69 28.702 59.944 28.956 0 P 0
L 59.817 12.573 60.071 12.827 0 P 0
L 59.817 13.589 60.071 13.335 0 P 0
L 59.944 27.94 60.198 28.194 0 P 0
L 59.944 28.956 60.198 28.702 0 P 0
L 60.071 12.827 60.325 12.827 0 P 0
L 60.071 13.081 60.325 12.827 0 P 0
L 60.071 13.081 60.325 13.335 0 P 0
L 60.071 13.335 60.325 13.335 0 P 0
L 60.198 1.27 60.452 1.27 0 P 0
L 60.198 1.27 60.452 1.524 0 P 0
L 60.198 1.778 60.452 1.524 0 P 0
L 60.198 1.778 60.452 1.778 0 P 0
L 60.198 12.065 60.452 12.065 0 P 0
L 60.198 12.065 60.452 12.319 0 P 0
L 60.198 12.573 60.452 12.319 0 P 0
L 60.198 12.573 60.452 12.573 0 P 0
L 60.198 22.733 60.452 22.733 0 P 0
L 60.198 22.733 60.452 22.987 0 P 0
L 60.198 23.241 60.452 22.987 0 P 0
L 60.198 23.241 60.452 23.241 0 P 0
L 60.198 28.194 60.452 28.194 0 P 0
L 60.198 28.448 60.452 28.194 0 P 0
L 60.198 28.448 60.452 28.702 0 P 0
L 60.198 28.702 60.452 28.702 0 P 0
L 60.452 1.27 60.706 1.016 0 P 0
L 60.452 1.778 60.706 2.032 0 P 0
L 60.452 12.065 60.706 11.811 0 P 0
L 60.452 12.573 60.706 12.827 0 P 0
L 60.452 22.733 60.706 22.479 0 P 0
L 60.452 23.241 60.706 23.495 0 P 0
L 60.706 1.016 60.96 1.27 0 P 0
L 60.706 2.032 60.96 1.778 0 P 0
L 60.706 11.811 60.96 12.065 0 P 0
L 60.706 12.827 60.96 12.573 0 P 0
L 60.706 22.479 60.96 22.733 0 P 0
L 60.706 23.495 60.96 23.241 0 P 0
L 60.96 1.27 61.214 1.27 0 P 0
L 60.96 1.524 61.214 1.27 0 P 0
L 60.96 1.524 61.214 1.778 0 P 0
L 60.96 1.778 61.214 1.778 0 P 0
L 60.96 12.065 61.214 12.065 0 P 0
L 60.96 12.319 61.214 12.065 0 P 0
L 60.96 12.319 61.214 12.573 0 P 0
L 60.96 12.573 61.214 12.573 0 P 0
L 60.96 22.733 61.214 22.733 0 P 0
L 60.96 22.987 61.214 22.733 0 P 0
L 60.96 22.987 61.214 23.241 0 P 0
L 60.96 23.241 61.214 23.241 0 P 0
L 61.087 22.733 61.341 22.733 0 P 0
L 61.087 22.733 61.341 22.987 0 P 0
L 61.087 23.241 61.341 22.987 0 P 0
L 61.087 23.241 61.341 23.241 0 P 0
L 61.341 22.733 61.595 22.479 0 P 0
L 61.341 23.241 61.595 23.495 0 P 0
L 61.468 -0.762 61.722 -0.762 0 P 0
L 61.468 -0.762 61.722 -1.016 0 P 0
L 61.468 -1.27 61.722 -1.016 0 P 0
L 61.468 -1.27 61.722 -1.27 0 P 0
L 61.468 8.89 61.722 8.89 0 P 0
L 61.468 8.89 61.722 9.144 0 P 0
L 61.468 9.398 61.722 9.144 0 P 0
L 61.468 9.398 61.722 9.398 0 P 0
L 61.468 14.478 61.722 14.478 0 P 0
L 61.468 14.478 61.722 14.732 0 P 0
L 61.468 14.986 61.722 14.732 0 P 0
L 61.468 14.986 61.722 14.986 0 P 0
L 61.595 13.081 61.849 13.081 0 P 0
L 61.595 13.081 61.849 13.335 0 P 0
L 61.595 13.589 61.849 13.335 0 P 0
L 61.595 13.589 61.849 13.589 0 P 0
L 61.595 22.479 61.849 22.733 0 P 0
L 61.595 23.495 61.849 23.241 0 P 0
L 61.722 -0.762 61.976 -0.508 0 P 0
L 61.722 -1.27 61.976 -1.524 0 P 0
L 61.722 8.89 61.976 8.636 0 P 0
L 61.722 9.398 61.976 9.652 0 P 0
L 61.722 10.668 61.976 10.668 0 P 0
L 61.722 10.668 61.976 10.922 0 P 0
L 61.722 11.176 61.976 10.922 0 P 0
L 61.722 11.176 61.976 11.176 0 P 0
L 61.722 11.938 61.976 11.938 0 P 0
L 61.722 11.938 61.976 12.192 0 P 0
L 61.722 12.446 61.976 12.192 0 P 0
L 61.722 12.446 61.976 12.446 0 P 0
L 61.722 14.478 61.976 14.224 0 P 0
L 61.722 14.986 61.976 15.24 0 P 0
L 61.849 13.081 62.103 12.827 0 P 0
L 61.849 13.589 62.103 13.843 0 P 0
L 61.849 22.733 62.103 22.733 0 P 0
L 61.849 22.987 62.103 22.733 0 P 0
L 61.849 22.987 62.103 23.241 0 P 0
L 61.849 23.241 62.103 23.241 0 P 0
L 61.976 -0.508 62.23 -0.762 0 P 0
L 61.976 -1.524 62.23 -1.27 0 P 0
L 61.976 8.636 62.23 8.89 0 P 0
L 61.976 9.652 62.23 9.398 0 P 0
L 61.976 10.668 62.23 10.414 0 P 0
L 61.976 11.176 62.23 11.43 0 P 0
L 61.976 11.938 62.23 11.684 0 P 0
L 61.976 12.446 62.23 12.7 0 P 0
L 61.976 14.224 62.23 14.478 0 P 0
L 61.976 15.24 62.23 14.986 0 P 0
L 62.103 12.827 62.357 13.081 0 P 0
L 62.103 13.843 62.357 13.589 0 P 0
L 62.23 -0.762 62.484 -0.762 0 P 0
L 62.23 -1.016 62.484 -0.762 0 P 0
L 62.23 -1.016 62.484 -1.27 0 P 0
L 62.23 -1.27 62.484 -1.27 0 P 0
L 62.23 8.89 62.484 8.89 0 P 0
L 62.23 9.144 62.484 8.89 0 P 0
L 62.23 9.144 62.484 9.398 0 P 0
L 62.23 9.398 62.484 9.398 0 P 0
L 62.23 10.414 62.484 10.668 0 P 0
L 62.23 11.43 62.484 11.176 0 P 0
L 62.23 11.684 62.484 11.938 0 P 0
L 62.23 12.7 62.484 12.446 0 P 0
L 62.23 14.478 62.484 14.478 0 P 0
L 62.23 14.732 62.484 14.478 0 P 0
L 62.23 14.732 62.484 14.986 0 P 0
L 62.23 14.986 62.484 14.986 0 P 0
L 62.23 28.194 62.484 28.194 0 P 0
L 62.23 28.194 62.484 28.448 0 P 0
L 62.23 28.702 62.484 28.448 0 P 0
L 62.23 28.702 62.484 28.702 0 P 0
L 62.357 13.081 62.611 13.081 0 P 0
L 62.357 13.335 62.611 13.081 0 P 0
L 62.357 13.335 62.611 13.589 0 P 0
L 62.357 13.589 62.611 13.589 0 P 0
L 62.484 10.668 62.738 10.668 0 P 0
L 62.484 10.922 62.738 10.668 0 P 0
L 62.484 10.922 62.738 11.176 0 P 0
L 62.484 11.176 62.738 11.176 0 P 0
L 62.484 11.938 62.738 11.938 0 P 0
L 62.484 12.192 62.738 11.938 0 P 0
L 62.484 12.192 62.738 12.446 0 P 0
L 62.484 12.446 62.738 12.446 0 P 0
L 62.484 28.194 62.738 27.94 0 P 0
L 62.484 28.702 62.738 28.956 0 P 0
L 62.738 1.27 62.992 1.27 0 P 0
L 62.738 1.27 62.992 1.524 0 P 0
L 62.738 1.778 62.992 1.524 0 P 0
L 62.738 1.778 62.992 1.778 0 P 0
L 62.738 11.43 62.992 11.43 0 P 0
L 62.738 11.43 62.992 11.684 0 P 0
L 62.738 11.938 62.992 11.684 0 P 0
L 62.738 11.938 62.992 11.938 0 P 0
L 62.738 27.94 62.992 28.194 0 P 0
L 62.738 28.956 62.992 28.702 0 P 0
L 62.992 1.27 63.246 1.016 0 P 0
L 62.992 1.778 63.246 2.032 0 P 0
L 62.992 11.43 63.246 11.176 0 P 0
L 62.992 11.938 63.246 12.192 0 P 0
L 62.992 28.194 63.246 28.194 0 P 0
L 62.992 28.448 63.246 28.194 0 P 0
L 62.992 28.448 63.246 28.702 0 P 0
L 62.992 28.702 63.246 28.702 0 P 0
L 63.119 22.606 63.373 22.606 0 P 0
L 63.119 22.606 63.373 22.86 0 P 0
L 63.119 23.114 63.373 22.86 0 P 0
L 63.119 23.114 63.373 23.114 0 P 0
L 63.119 23.495 63.373 23.495 0 P 0
L 63.119 23.495 63.373 23.749 0 P 0
L 63.119 24.003 63.373 23.749 0 P 0
L 63.119 24.003 63.373 24.003 0 P 0
L 63.119 24.384 63.373 24.384 0 P 0
L 63.119 24.384 63.373 24.638 0 P 0
L 63.119 24.892 63.373 24.638 0 P 0
L 63.119 24.892 63.373 24.892 0 P 0
L 63.119 25.273 63.373 25.273 0 P 0
L 63.119 25.273 63.373 25.527 0 P 0
L 63.119 25.781 63.373 25.527 0 P 0
L 63.119 25.781 63.373 25.781 0 P 0
L 63.119 26.162 63.373 26.162 0 P 0
L 63.119 26.162 63.373 26.416 0 P 0
L 63.119 26.67 63.373 26.416 0 P 0
L 63.119 26.67 63.373 26.67 0 P 0
L 63.246 1.016 63.5 1.27 0 P 0
L 63.246 2.032 63.5 1.778 0 P 0
L 63.246 11.176 63.5 11.43 0 P 0
L 63.246 12.192 63.5 11.938 0 P 0
L 63.373 22.606 63.627 22.352 0 P 0
L 63.373 23.114 63.627 23.368 0 P 0
L 63.373 23.495 63.627 23.241 0 P 0
L 63.373 24.003 63.627 24.257 0 P 0
L 63.373 24.384 63.627 24.13 0 P 0
L 63.373 24.892 63.627 25.146 0 P 0
L 63.373 25.273 63.627 25.019 0 P 0
L 63.373 25.781 63.627 26.035 0 P 0
L 63.373 26.162 63.627 25.908 0 P 0
L 63.373 26.67 63.627 26.924 0 P 0
L 63.5 1.27 63.754 1.27 0 P 0
L 63.5 1.524 63.754 1.27 0 P 0
L 63.5 1.524 63.754 1.778 0 P 0
L 63.5 1.778 63.754 1.778 0 P 0
L 63.5 11.43 63.754 11.43 0 P 0
L 63.5 11.684 63.754 11.43 0 P 0
L 63.5 11.684 63.754 11.938 0 P 0
L 63.5 11.938 63.754 11.938 0 P 0
L 63.5 18.542 63.754 18.542 0 P 0
L 63.5 18.542 63.754 18.796 0 P 0
L 63.5 19.05 63.754 18.796 0 P 0
L 63.5 19.05 63.754 19.05 0 P 0
L 63.627 22.352 63.881 22.606 0 P 0
L 63.627 23.241 63.881 23.495 0 P 0
L 63.627 23.368 63.881 23.114 0 P 0
L 63.627 24.13 63.881 24.384 0 P 0
L 63.627 24.257 63.881 24.003 0 P 0
L 63.627 25.019 63.881 25.273 0 P 0
L 63.627 25.146 63.881 24.892 0 P 0
L 63.627 25.908 63.881 26.162 0 P 0
L 63.627 26.035 63.881 25.781 0 P 0
L 63.627 26.924 63.881 26.67 0 P 0
L 63.754 18.542 64.008 18.288 0 P 0
L 63.754 19.05 64.008 19.304 0 P 0
L 63.881 22.098 64.135 22.098 0 P 0
L 63.881 22.098 64.135 22.352 0 P 0
L 63.881 22.606 64.135 22.352 0 P 0
L 63.881 22.606 64.135 22.606 0 P 0
L 63.881 22.606 64.135 22.606 0 P 0
L 63.881 22.86 64.135 22.606 0 P 0
L 63.881 22.86 64.135 23.114 0 P 0
L 63.881 22.987 64.135 22.987 0 P 0
L 63.881 22.987 64.135 23.241 0 P 0
L 63.881 23.114 64.135 23.114 0 P 0
L 63.881 23.495 64.135 23.241 0 P 0
L 63.881 23.495 64.135 23.495 0 P 0
L 63.881 23.495 64.135 23.495 0 P 0
L 63.881 23.749 64.135 23.495 0 P 0
L 63.881 23.749 64.135 24.003 0 P 0
L 63.881 23.876 64.135 23.876 0 P 0
L 63.881 23.876 64.135 24.13 0 P 0
L 63.881 24.003 64.135 24.003 0 P 0
L 63.881 24.384 64.135 24.13 0 P 0
L 63.881 24.384 64.135 24.384 0 P 0
L 63.881 24.384 64.135 24.384 0 P 0
L 63.881 24.638 64.135 24.384 0 P 0
L 63.881 24.638 64.135 24.892 0 P 0
L 63.881 24.765 64.135 24.765 0 P 0
L 63.881 24.765 64.135 25.019 0 P 0
L 63.881 24.892 64.135 24.892 0 P 0
L 63.881 25.273 64.135 25.019 0 P 0
L 63.881 25.273 64.135 25.273 0 P 0
L 63.881 25.273 64.135 25.273 0 P 0
L 63.881 25.527 64.135 25.273 0 P 0
L 63.881 25.527 64.135 25.781 0 P 0
L 63.881 25.654 64.135 25.654 0 P 0
L 63.881 25.654 64.135 25.908 0 P 0
L 63.881 25.781 64.135 25.781 0 P 0
L 63.881 26.162 64.135 25.908 0 P 0
L 63.881 26.162 64.135 26.162 0 P 0
L 63.881 26.162 64.135 26.162 0 P 0
L 63.881 26.416 64.135 26.162 0 P 0
L 63.881 26.416 64.135 26.67 0 P 0
L 63.881 26.67 64.135 26.67 0 P 0
L 64.008 -0.762 64.262 -0.762 0 P 0
L 64.008 -0.762 64.262 -1.016 0 P 0
L 64.008 -1.27 64.262 -1.016 0 P 0
L 64.008 -1.27 64.262 -1.27 0 P 0
L 64.008 8.89 64.262 8.89 0 P 0
L 64.008 8.89 64.262 9.144 0 P 0
L 64.008 9.398 64.262 9.144 0 P 0
L 64.008 9.398 64.262 9.398 0 P 0
L 64.008 13.97 64.262 13.97 0 P 0
L 64.008 13.97 64.262 14.224 0 P 0
L 64.008 14.478 64.262 14.224 0 P 0
L 64.008 14.478 64.262 14.478 0 P 0
L 64.008 18.288 64.262 18.542 0 P 0
L 64.008 19.304 64.262 19.05 0 P 0
L 64.135 22.098 64.389 21.844 0 P 0
L 64.135 22.606 64.389 22.86 0 P 0
L 64.135 22.987 64.389 22.733 0 P 0
L 64.135 23.495 64.389 23.749 0 P 0
L 64.135 23.876 64.389 23.622 0 P 0
L 64.135 24.384 64.389 24.638 0 P 0
L 64.135 24.765 64.389 24.511 0 P 0
L 64.135 25.273 64.389 25.527 0 P 0
L 64.135 25.654 64.389 25.4 0 P 0
L 64.135 26.162 64.389 26.416 0 P 0
L 64.135 28.194 64.389 28.194 0 P 0
L 64.135 28.194 64.389 28.448 0 P 0
L 64.135 28.702 64.389 28.448 0 P 0
L 64.135 28.702 64.389 28.702 0 P 0
L 64.262 -0.762 64.516 -0.508 0 P 0
L 64.262 -1.27 64.516 -1.524 0 P 0
L 64.262 8.89 64.516 8.636 0 P 0
L 64.262 9.398 64.516 9.652 0 P 0
L 64.262 13.97 64.516 13.716 0 P 0
L 64.262 14.478 64.516 14.732 0 P 0
L 64.262 18.542 64.516 18.542 0 P 0
L 64.262 18.796 64.516 18.542 0 P 0
L 64.262 18.796 64.516 19.05 0 P 0
L 64.262 19.05 64.516 19.05 0 P 0
L 64.389 21.844 64.643 22.098 0 P 0
L 64.389 22.733 64.643 22.987 0 P 0
L 64.389 22.86 64.643 22.606 0 P 0
L 64.389 23.622 64.643 23.876 0 P 0
L 64.389 23.749 64.643 23.495 0 P 0
L 64.389 24.511 64.643 24.765 0 P 0
L 64.389 24.638 64.643 24.384 0 P 0
L 64.389 25.4 64.643 25.654 0 P 0
L 64.389 25.527 64.643 25.273 0 P 0
L 64.389 26.416 64.643 26.162 0 P 0
L 64.389 28.194 64.643 27.94 0 P 0
L 64.389 28.702 64.643 28.956 0 P 0
L 64.516 -0.508 64.77 -0.762 0 P 0
L 64.516 -1.524 64.77 -1.27 0 P 0
L 64.516 8.636 64.77 8.89 0 P 0
L 64.516 9.652 64.77 9.398 0 P 0
L 64.516 13.716 64.77 13.97 0 P 0
L 64.516 14.732 64.77 14.478 0 P 0
L 64.643 22.098 64.897 22.098 0 P 0
L 64.643 22.352 64.897 22.098 0 P 0
L 64.643 22.352 64.897 22.606 0 P 0
L 64.643 22.479 64.897 22.479 0 P 0
L 64.643 22.479 64.897 22.733 0 P 0
L 64.643 22.606 64.897 22.606 0 P 0
L 64.643 22.987 64.897 22.733 0 P 0
L 64.643 22.987 64.897 22.987 0 P 0
L 64.643 22.987 64.897 22.987 0 P 0
L 64.643 23.241 64.897 22.987 0 P 0
L 64.643 23.241 64.897 23.495 0 P 0
L 64.643 23.368 64.897 23.368 0 P 0
L 64.643 23.368 64.897 23.622 0 P 0
L 64.643 23.495 64.897 23.495 0 P 0
L 64.643 23.876 64.897 23.622 0 P 0
L 64.643 23.876 64.897 23.876 0 P 0
L 64.643 23.876 64.897 23.876 0 P 0
L 64.643 24.13 64.897 23.876 0 P 0
L 64.643 24.13 64.897 24.384 0 P 0
L 64.643 24.257 64.897 24.257 0 P 0
L 64.643 24.257 64.897 24.511 0 P 0
L 64.643 24.384 64.897 24.384 0 P 0
L 64.643 24.765 64.897 24.511 0 P 0
L 64.643 24.765 64.897 24.765 0 P 0
L 64.643 24.765 64.897 24.765 0 P 0
L 64.643 25.019 64.897 24.765 0 P 0
L 64.643 25.019 64.897 25.273 0 P 0
L 64.643 25.146 64.897 25.146 0 P 0
L 64.643 25.146 64.897 25.4 0 P 0
L 64.643 25.273 64.897 25.273 0 P 0
L 64.643 25.654 64.897 25.4 0 P 0
L 64.643 25.654 64.897 25.654 0 P 0
L 64.643 25.654 64.897 25.654 0 P 0
L 64.643 25.908 64.897 25.654 0 P 0
L 64.643 25.908 64.897 26.162 0 P 0
L 64.643 26.035 64.897 26.035 0 P 0
L 64.643 26.035 64.897 26.289 0 P 0
L 64.643 26.162 64.897 26.162 0 P 0
L 64.643 26.543 64.897 26.289 0 P 0
L 64.643 26.543 64.897 26.543 0 P 0
L 64.643 27.94 64.897 28.194 0 P 0
L 64.643 28.956 64.897 28.702 0 P 0
L 64.77 -0.762 65.024 -0.762 0 P 0
L 64.77 -1.016 65.024 -0.762 0 P 0
L 64.77 -1.016 65.024 -1.27 0 P 0
L 64.77 -1.27 65.024 -1.27 0 P 0
L 64.77 8.89 65.024 8.89 0 P 0
L 64.77 9.144 65.024 8.89 0 P 0
L 64.77 9.144 65.024 9.398 0 P 0
L 64.77 9.398 65.024 9.398 0 P 0
L 64.77 13.97 65.024 13.97 0 P 0
L 64.77 14.224 65.024 13.97 0 P 0
L 64.77 14.224 65.024 14.478 0 P 0
L 64.77 14.478 65.024 14.478 0 P 0
L 64.897 22.479 65.151 22.225 0 P 0
L 64.897 22.987 65.151 23.241 0 P 0
L 64.897 23.368 65.151 23.114 0 P 0
L 64.897 23.876 65.151 24.13 0 P 0
L 64.897 24.257 65.151 24.003 0 P 0
L 64.897 24.765 65.151 25.019 0 P 0
L 64.897 25.146 65.151 24.892 0 P 0
L 64.897 25.654 65.151 25.908 0 P 0
L 64.897 26.035 65.151 25.781 0 P 0
L 64.897 26.543 65.151 26.797 0 P 0
L 64.897 28.194 65.151 28.194 0 P 0
L 64.897 28.448 65.151 28.194 0 P 0
L 64.897 28.448 65.151 28.702 0 P 0
L 64.897 28.702 65.151 28.702 0 P 0
L 65.151 22.225 65.405 22.479 0 P 0
L 65.151 23.114 65.405 23.368 0 P 0
L 65.151 23.241 65.405 22.987 0 P 0
L 65.151 24.003 65.405 24.257 0 P 0
L 65.151 24.13 65.405 23.876 0 P 0
L 65.151 24.892 65.405 25.146 0 P 0
L 65.151 25.019 65.405 24.765 0 P 0
L 65.151 25.781 65.405 26.035 0 P 0
L 65.151 25.908 65.405 25.654 0 P 0
L 65.151 26.797 65.405 26.543 0 P 0
L 65.278 1.27 65.532 1.27 0 P 0
L 65.278 1.27 65.532 1.524 0 P 0
L 65.278 1.778 65.532 1.524 0 P 0
L 65.278 1.778 65.532 1.778 0 P 0
L 65.278 11.43 65.532 11.43 0 P 0
L 65.278 11.43 65.532 11.684 0 P 0
L 65.278 11.938 65.532 11.684 0 P 0
L 65.278 11.938 65.532 11.938 0 P 0
L 65.278 16.51 65.532 16.51 0 P 0
L 65.278 16.51 65.532 16.764 0 P 0
L 65.278 17.018 65.532 16.764 0 P 0
L 65.278 17.018 65.532 17.018 0 P 0
L 65.405 22.098 65.659 22.098 0 P 0
L 65.405 22.098 65.659 22.352 0 P 0
L 65.405 22.479 65.659 22.479 0 P 0
L 65.405 22.606 65.659 22.352 0 P 0
L 65.405 22.606 65.659 22.606 0 P 0
L 65.405 22.733 65.659 22.479 0 P 0
L 65.405 22.733 65.659 22.987 0 P 0
L 65.405 22.987 65.659 22.987 0 P 0
L 65.405 22.987 65.659 22.987 0 P 0
L 65.405 22.987 65.659 23.241 0 P 0
L 65.405 23.368 65.659 23.368 0 P 0
L 65.405 23.495 65.659 23.241 0 P 0
L 65.405 23.495 65.659 23.495 0 P 0
L 65.405 23.622 65.659 23.368 0 P 0
L 65.405 23.622 65.659 23.876 0 P 0
L 65.405 23.876 65.659 23.876 0 P 0
L 65.405 23.876 65.659 23.876 0 P 0
L 65.405 23.876 65.659 24.13 0 P 0
L 65.405 24.257 65.659 24.257 0 P 0
L 65.405 24.384 65.659 24.13 0 P 0
L 65.405 24.384 65.659 24.384 0 P 0
L 65.405 24.511 65.659 24.257 0 P 0
L 65.405 24.511 65.659 24.765 0 P 0
L 65.405 24.765 65.659 24.765 0 P 0
L 65.405 24.765 65.659 24.765 0 P 0
L 65.405 24.765 65.659 25.019 0 P 0
L 65.405 25.146 65.659 25.146 0 P 0
L 65.405 25.273 65.659 25.019 0 P 0
L 65.405 25.273 65.659 25.273 0 P 0
L 65.405 25.4 65.659 25.146 0 P 0
L 65.405 25.4 65.659 25.654 0 P 0
L 65.405 25.654 65.659 25.654 0 P 0
L 65.405 25.654 65.659 25.654 0 P 0
L 65.405 25.654 65.659 25.908 0 P 0
L 65.405 26.035 65.659 26.035 0 P 0
L 65.405 26.162 65.659 25.908 0 P 0
L 65.405 26.162 65.659 26.162 0 P 0
L 65.405 26.289 65.659 26.035 0 P 0
L 65.405 26.289 65.659 26.543 0 P 0
L 65.405 26.543 65.659 26.543 0 P 0
L 65.532 1.27 65.786 1.016 0 P 0
L 65.532 1.778 65.786 2.032 0 P 0
L 65.532 11.43 65.786 11.176 0 P 0
L 65.532 11.938 65.786 12.192 0 P 0
L 65.532 16.51 65.786 16.256 0 P 0
L 65.532 17.018 65.786 17.272 0 P 0
L 65.659 22.098 65.913 21.844 0 P 0
L 65.659 22.606 65.913 22.86 0 P 0
L 65.659 22.987 65.913 22.733 0 P 0
L 65.659 23.495 65.913 23.749 0 P 0
L 65.659 23.876 65.913 23.622 0 P 0
L 65.659 24.384 65.913 24.638 0 P 0
L 65.659 24.765 65.913 24.511 0 P 0
L 65.659 25.273 65.913 25.527 0 P 0
L 65.659 25.654 65.913 25.4 0 P 0
L 65.659 26.162 65.913 26.416 0 P 0
L 65.786 1.016 66.04 1.27 0 P 0
L 65.786 2.032 66.04 1.778 0 P 0
L 65.786 11.176 66.04 11.43 0 P 0
L 65.786 12.192 66.04 11.938 0 P 0
L 65.786 16.256 66.04 16.51 0 P 0
L 65.786 17.272 66.04 17.018 0 P 0
L 65.913 21.844 66.167 22.098 0 P 0
L 65.913 22.733 66.167 22.987 0 P 0
L 65.913 22.86 66.167 22.606 0 P 0
L 65.913 23.622 66.167 23.876 0 P 0
L 65.913 23.749 66.167 23.495 0 P 0
L 65.913 24.511 66.167 24.765 0 P 0
L 65.913 24.638 66.167 24.384 0 P 0
L 65.913 25.4 66.167 25.654 0 P 0
L 65.913 25.527 66.167 25.273 0 P 0
L 65.913 26.416 66.167 26.162 0 P 0
L 66.04 1.27 66.294 1.27 0 P 0
L 66.04 1.524 66.294 1.27 0 P 0
L 66.04 1.524 66.294 1.778 0 P 0
L 66.04 1.778 66.294 1.778 0 P 0
L 66.04 11.43 66.294 11.43 0 P 0
L 66.04 11.684 66.294 11.43 0 P 0
L 66.04 11.684 66.294 11.938 0 P 0
L 66.04 11.938 66.294 11.938 0 P 0
L 66.04 16.51 66.294 16.51 0 P 0
L 66.04 16.637 66.294 16.637 0 P 0
L 66.04 16.637 66.294 16.891 0 P 0
L 66.04 16.764 66.294 16.51 0 P 0
L 66.04 16.764 66.294 17.018 0 P 0
L 66.04 17.018 66.294 17.018 0 P 0
L 66.04 17.145 66.294 16.891 0 P 0
L 66.04 17.145 66.294 17.145 0 P 0
L 66.167 22.098 66.421 22.098 0 P 0
L 66.167 22.352 66.421 22.098 0 P 0
L 66.167 22.352 66.421 22.606 0 P 0
L 66.167 22.606 66.421 22.606 0 P 0
L 66.167 22.606 66.421 22.606 0 P 0
L 66.167 22.606 66.421 22.86 0 P 0
L 66.167 22.987 66.421 22.987 0 P 0
L 66.167 23.114 66.421 22.86 0 P 0
L 66.167 23.114 66.421 23.114 0 P 0
L 66.167 23.241 66.421 22.987 0 P 0
L 66.167 23.241 66.421 23.495 0 P 0
L 66.167 23.495 66.421 23.495 0 P 0
L 66.167 23.495 66.421 23.495 0 P 0
L 66.167 23.495 66.421 23.749 0 P 0
L 66.167 23.876 66.421 23.876 0 P 0
L 66.167 24.003 66.421 23.749 0 P 0
L 66.167 24.003 66.421 24.003 0 P 0
L 66.167 24.13 66.421 23.876 0 P 0
L 66.167 24.13 66.421 24.384 0 P 0
L 66.167 24.384 66.421 24.384 0 P 0
L 66.167 24.384 66.421 24.384 0 P 0
L 66.167 24.384 66.421 24.638 0 P 0
L 66.167 24.765 66.421 24.765 0 P 0
L 66.167 24.892 66.421 24.638 0 P 0
L 66.167 24.892 66.421 24.892 0 P 0
L 66.167 25.019 66.421 24.765 0 P 0
L 66.167 25.019 66.421 25.273 0 P 0
L 66.167 25.273 66.421 25.273 0 P 0
L 66.167 25.273 66.421 25.273 0 P 0
L 66.167 25.273 66.421 25.527 0 P 0
L 66.167 25.654 66.421 25.654 0 P 0
L 66.167 25.781 66.421 25.527 0 P 0
L 66.167 25.781 66.421 25.781 0 P 0
L 66.167 25.908 66.421 25.654 0 P 0
L 66.167 25.908 66.421 26.162 0 P 0
L 66.167 26.162 66.421 26.162 0 P 0
L 66.167 26.162 66.421 26.162 0 P 0
L 66.167 26.162 66.421 26.416 0 P 0
L 66.167 26.67 66.421 26.416 0 P 0
L 66.167 26.67 66.421 26.67 0 P 0
L 66.294 16.637 66.548 16.383 0 P 0
L 66.294 17.145 66.548 17.399 0 P 0
L 66.421 22.606 66.675 22.352 0 P 0
L 66.421 23.114 66.675 23.368 0 P 0
L 66.421 23.495 66.675 23.241 0 P 0
L 66.421 24.003 66.675 24.257 0 P 0
L 66.421 24.384 66.675 24.13 0 P 0
L 66.421 24.892 66.675 25.146 0 P 0
L 66.421 25.273 66.675 25.019 0 P 0
L 66.421 25.781 66.675 26.035 0 P 0
L 66.421 26.162 66.675 25.908 0 P 0
L 66.421 26.67 66.675 26.924 0 P 0
L 66.548 -0.762 66.802 -0.762 0 P 0
L 66.548 -0.762 66.802 -1.016 0 P 0
L 66.548 -1.27 66.802 -1.016 0 P 0
L 66.548 -1.27 66.802 -1.27 0 P 0
L 66.548 3.81 66.802 3.81 0 P 0
L 66.548 3.81 66.802 4.064 0 P 0
L 66.548 4.318 66.802 4.064 0 P 0
L 66.548 4.318 66.802 4.318 0 P 0
L 66.548 16.383 66.802 16.637 0 P 0
L 66.548 17.399 66.802 17.145 0 P 0
L 66.675 22.352 66.929 22.606 0 P 0
L 66.675 23.241 66.929 23.495 0 P 0
L 66.675 23.368 66.929 23.114 0 P 0
L 66.675 24.13 66.929 24.384 0 P 0
L 66.675 24.257 66.929 24.003 0 P 0
L 66.675 25.019 66.929 25.273 0 P 0
L 66.675 25.146 66.929 24.892 0 P 0
L 66.675 25.908 66.929 26.162 0 P 0
L 66.675 26.035 66.929 25.781 0 P 0
L 66.675 26.924 66.929 26.67 0 P 0
L 66.802 -0.762 67.056 -0.508 0 P 0
L 66.802 -1.27 67.056 -1.524 0 P 0
L 66.802 3.81 67.056 3.556 0 P 0
L 66.802 4.318 67.056 4.572 0 P 0
L 66.802 16.637 67.056 16.637 0 P 0
L 66.802 16.891 67.056 16.637 0 P 0
L 66.802 16.891 67.056 17.145 0 P 0
L 66.802 17.145 67.056 17.145 0 P 0
L 66.802 28.321 67.056 28.321 0 P 0
L 66.802 28.321 67.056 28.575 0 P 0
L 66.802 28.829 67.056 28.575 0 P 0
L 66.802 28.829 67.056 28.829 0 P 0
L 66.929 22.606 67.183 22.606 0 P 0
L 66.929 22.86 67.183 22.606 0 P 0
L 66.929 22.86 67.183 23.114 0 P 0
L 66.929 23.114 67.183 23.114 0 P 0
L 66.929 23.495 67.183 23.495 0 P 0
L 66.929 23.749 67.183 23.495 0 P 0
L 66.929 23.749 67.183 24.003 0 P 0
L 66.929 24.003 67.183 24.003 0 P 0
L 66.929 24.384 67.183 24.384 0 P 0
L 66.929 24.638 67.183 24.384 0 P 0
L 66.929 24.638 67.183 24.892 0 P 0
L 66.929 24.892 67.183 24.892 0 P 0
L 66.929 25.273 67.183 25.273 0 P 0
L 66.929 25.527 67.183 25.273 0 P 0
L 66.929 25.527 67.183 25.781 0 P 0
L 66.929 25.781 67.183 25.781 0 P 0
L 66.929 26.162 67.183 26.162 0 P 0
L 66.929 26.416 67.183 26.162 0 P 0
L 66.929 26.416 67.183 26.67 0 P 0
L 66.929 26.67 67.183 26.67 0 P 0
L 67.056 -0.508 67.31 -0.762 0 P 0
L 67.056 -1.524 67.31 -1.27 0 P 0
L 67.056 3.556 67.31 3.81 0 P 0
L 67.056 4.572 67.31 4.318 0 P 0
L 67.056 28.321 67.31 28.067 0 P 0
L 67.056 28.829 67.31 29.083 0 P 0
L 67.31 -0.762 67.564 -0.762 0 P 0
L 67.31 -1.016 67.564 -0.762 0 P 0
L 67.31 -1.016 67.564 -1.27 0 P 0
L 67.31 -1.27 67.564 -1.27 0 P 0
L 67.31 3.81 67.564 3.81 0 P 0
L 67.31 4.064 67.564 3.81 0 P 0
L 67.31 4.064 67.564 4.318 0 P 0
L 67.31 4.318 67.564 4.318 0 P 0
L 67.31 28.067 67.564 28.321 0 P 0
L 67.31 29.083 67.564 28.829 0 P 0
L 67.564 28.321 67.818 28.321 0 P 0
L 67.564 28.575 67.818 28.321 0 P 0
L 67.564 28.575 67.818 28.829 0 P 0
L 67.564 28.829 67.818 28.829 0 P 0
L 67.818 1.27 68.072 1.27 0 P 0
L 67.818 1.27 68.072 1.524 0 P 0
L 67.818 1.778 68.072 1.524 0 P 0
L 67.818 1.778 68.072 1.778 0 P 0
L 67.818 6.35 68.072 6.35 0 P 0
L 67.818 6.35 68.072 6.604 0 P 0
L 67.818 6.858 68.072 6.604 0 P 0
L 67.818 6.858 68.072 6.858 0 P 0
L 68.072 1.27 68.326 1.016 0 P 0
L 68.072 1.778 68.326 2.032 0 P 0
L 68.072 6.35 68.326 6.096 0 P 0
L 68.072 6.858 68.326 7.112 0 P 0
L 68.326 1.016 68.58 1.27 0 P 0
L 68.326 2.032 68.58 1.778 0 P 0
L 68.326 6.096 68.58 6.35 0 P 0
L 68.326 7.112 68.58 6.858 0 P 0
L 68.58 1.27 68.834 1.27 0 P 0
L 68.58 1.524 68.834 1.27 0 P 0
L 68.58 1.524 68.834 1.778 0 P 0
L 68.58 1.778 68.834 1.778 0 P 0
L 68.58 6.35 68.834 6.35 0 P 0
L 68.58 6.604 68.834 6.35 0 P 0
L 68.58 6.604 68.834 6.858 0 P 0
L 68.58 6.858 68.834 6.858 0 P 0
L 68.834 28.194 69.088 28.194 0 P 0
L 68.834 28.194 69.088 28.448 0 P 0
L 68.834 28.702 69.088 28.448 0 P 0
L 68.834 28.702 69.088 28.702 0 P 0
L 69.088 -0.762 69.342 -0.762 0 P 0
L 69.088 -0.762 69.342 -1.016 0 P 0
L 69.088 -1.27 69.342 -1.016 0 P 0
L 69.088 -1.27 69.342 -1.27 0 P 0
L 69.088 28.194 69.342 27.94 0 P 0
L 69.088 28.702 69.342 28.956 0 P 0
L 69.342 -0.762 69.596 -0.508 0 P 0
L 69.342 -1.27 69.596 -1.524 0 P 0
L 69.342 27.94 69.596 28.194 0 P 0
L 69.342 28.956 69.596 28.702 0 P 0
L 69.596 -0.508 69.85 -0.762 0 P 0
L 69.596 -1.524 69.85 -1.27 0 P 0
L 69.596 28.194 69.85 28.194 0 P 0
L 69.596 28.448 69.85 28.194 0 P 0
L 69.596 28.448 69.85 28.702 0 P 0
L 69.596 28.702 69.85 28.702 0 P 0
L 69.85 -0.762 70.104 -0.762 0 P 0
L 69.85 -1.016 70.104 -0.762 0 P 0
L 69.85 -1.016 70.104 -1.27 0 P 0
L 69.85 -1.27 70.104 -1.27 0 P 0
L 70.358 6.35 70.612 6.35 0 P 0
L 70.358 6.35 70.612 6.604 0 P 0
L 70.358 6.858 70.612 6.604 0 P 0
L 70.358 6.858 70.612 6.858 0 P 0
L 70.612 6.35 70.866 6.096 0 P 0
L 70.612 6.858 70.866 7.112 0 P 0
L 70.866 6.096 71.12 6.35 0 P 0
L 70.866 7.112 71.12 6.858 0 P 0
L 71.12 6.35 71.374 6.35 0 P 0
L 71.12 6.604 71.374 6.35 0 P 0
L 71.12 6.604 71.374 6.858 0 P 0
L 71.12 6.858 71.374 6.858 0 P 0
L 71.247 28.194 71.501 28.194 0 P 0
L 71.247 28.194 71.501 28.448 0 P 0
L 71.247 28.702 71.501 28.448 0 P 0
L 71.247 28.702 71.501 28.702 0 P 0
L 71.501 28.194 71.755 27.94 0 P 0
L 71.501 28.702 71.755 28.956 0 P 0
L 71.628 -0.762 71.882 -0.762 0 P 0
L 71.628 -0.762 71.882 -1.016 0 P 0
L 71.628 -1.27 71.882 -1.016 0 P 0
L 71.628 -1.27 71.882 -1.27 0 P 0
L 71.755 27.94 72.009 28.194 0 P 0
L 71.755 28.956 72.009 28.702 0 P 0
L 71.882 -0.762 72.136 -0.508 0 P 0
L 71.882 -1.27 72.136 -1.524 0 P 0
L 72.009 28.194 72.263 28.194 0 P 0
L 72.009 28.448 72.263 28.194 0 P 0
L 72.009 28.448 72.263 28.702 0 P 0
L 72.009 28.702 72.263 28.702 0 P 0
L 72.136 -0.508 72.39 -0.762 0 P 0
L 72.136 -1.524 72.39 -1.27 0 P 0
L 72.39 -0.762 72.644 -0.762 0 P 0
L 72.39 -1.016 72.644 -0.762 0 P 0
L 72.39 -1.016 72.644 -1.27 0 P 0
L 72.39 -1.27 72.644 -1.27 0 P 0
L 72.898 6.35 73.152 6.35 0 P 0
L 72.898 6.35 73.152 6.604 0 P 0
L 72.898 6.858 73.152 6.604 0 P 0
L 72.898 6.858 73.152 6.858 0 P 0
L 73.152 6.35 73.406 6.096 0 P 0
L 73.152 6.858 73.406 7.112 0 P 0
L 73.406 6.096 73.66 6.35 0 P 0
L 73.406 7.112 73.66 6.858 0 P 0
L 73.533 27.305 73.787 27.305 0 P 0
L 73.533 27.305 73.787 27.559 0 P 0
L 73.533 27.813 73.787 27.559 0 P 0
L 73.533 27.813 73.787 27.813 0 P 0
L 73.66 6.35 73.914 6.35 0 P 0
L 73.66 6.604 73.914 6.35 0 P 0
L 73.66 6.604 73.914 6.858 0 P 0
L 73.66 6.858 73.914 6.858 0 P 0
L 73.66 22.606 73.914 22.606 0 P 0
L 73.66 22.606 73.914 22.86 0 P 0
L 73.66 23.114 73.914 22.86 0 P 0
L 73.66 23.114 73.914 23.114 0 P 0
L 73.66 25.146 73.914 25.146 0 P 0
L 73.66 25.146 73.914 25.4 0 P 0
L 73.66 25.654 73.914 25.4 0 P 0
L 73.66 25.654 73.914 25.654 0 P 0
L 73.787 19.558 74.041 19.558 0 P 0
L 73.787 19.558 74.041 19.812 0 P 0
L 73.787 20.066 74.041 19.812 0 P 0
L 73.787 20.066 74.041 20.066 0 P 0
L 73.787 27.305 74.041 27.051 0 P 0
L 73.787 27.813 74.041 28.067 0 P 0
L 73.914 22.606 74.168 22.352 0 P 0
L 73.914 23.114 74.168 23.368 0 P 0
L 73.914 25.146 74.168 24.892 0 P 0
L 73.914 25.654 74.168 25.908 0 P 0
L 74.041 19.558 74.295 19.304 0 P 0
L 74.041 20.066 74.295 20.32 0 P 0
L 74.041 27.051 74.295 27.305 0 P 0
L 74.041 28.067 74.295 27.813 0 P 0
L 74.168 -0.762 74.422 -0.762 0 P 0
L 74.168 -0.762 74.422 -1.016 0 P 0
L 74.168 -1.27 74.422 -1.016 0 P 0
L 74.168 -1.27 74.422 -1.27 0 P 0
L 74.168 22.352 74.422 22.606 0 P 0
L 74.168 23.368 74.422 23.114 0 P 0
L 74.168 24.892 74.422 25.146 0 P 0
L 74.168 25.908 74.422 25.654 0 P 0
L 74.295 19.304 74.549 19.558 0 P 0
L 74.295 20.32 74.549 20.066 0 P 0
L 74.295 27.305 74.549 27.305 0 P 0
L 74.295 27.559 74.549 27.305 0 P 0
L 74.295 27.559 74.549 27.813 0 P 0
L 74.295 27.813 74.549 27.813 0 P 0
L 74.422 -0.762 74.676 -0.508 0 P 0
L 74.422 -1.27 74.676 -1.524 0 P 0
L 74.422 22.606 74.676 22.606 0 P 0
L 74.422 22.86 74.676 22.606 0 P 0
L 74.422 22.86 74.676 23.114 0 P 0
L 74.422 23.114 74.676 23.114 0 P 0
L 74.422 25.146 74.676 25.146 0 P 0
L 74.422 25.4 74.676 25.146 0 P 0
L 74.422 25.4 74.676 25.654 0 P 0
L 74.422 25.654 74.676 25.654 0 P 0
L 74.549 19.558 74.803 19.558 0 P 0
L 74.549 19.812 74.803 19.558 0 P 0
L 74.549 19.812 74.803 20.066 0 P 0
L 74.549 20.066 74.803 20.066 0 P 0
L 74.676 -0.508 74.93 -0.762 0 P 0
L 74.676 -1.524 74.93 -1.27 0 P 0
L 74.93 -0.762 75.184 -0.762 0 P 0
L 74.93 -1.016 75.184 -0.762 0 P 0
L 74.93 -1.016 75.184 -1.27 0 P 0
L 74.93 -1.27 75.184 -1.27 0 P 0
L 75.057 28.194 75.311 28.194 0 P 0
L 75.057 28.194 75.311 28.448 0 P 0
L 75.057 28.702 75.311 28.448 0 P 0
L 75.057 28.702 75.311 28.702 0 P 0
L 75.311 28.194 75.565 27.94 0 P 0
L 75.311 28.702 75.565 28.956 0 P 0
L 75.438 6.35 75.692 6.35 0 P 0
L 75.438 6.35 75.692 6.604 0 P 0
L 75.438 6.858 75.692 6.604 0 P 0
L 75.438 6.858 75.692 6.858 0 P 0
L 75.438 11.43 75.692 11.43 0 P 0
L 75.438 11.43 75.692 11.684 0 P 0
L 75.438 11.938 75.692 11.684 0 P 0
L 75.438 11.938 75.692 11.938 0 P 0
L 75.438 16.51 75.692 16.51 0 P 0
L 75.438 16.51 75.692 16.764 0 P 0
L 75.438 17.018 75.692 16.764 0 P 0
L 75.438 17.018 75.692 17.018 0 P 0
L 75.565 27.94 75.819 28.194 0 P 0
L 75.565 28.956 75.819 28.702 0 P 0
L 75.692 6.35 75.946 6.096 0 P 0
L 75.692 6.858 75.946 7.112 0 P 0
L 75.692 11.43 75.946 11.176 0 P 0
L 75.692 11.938 75.946 12.192 0 P 0
L 75.692 16.51 75.946 16.256 0 P 0
L 75.692 17.018 75.946 17.272 0 P 0
L 75.819 28.194 76.073 28.194 0 P 0
L 75.819 28.448 76.073 28.194 0 P 0
L 75.819 28.448 76.073 28.702 0 P 0
L 75.819 28.702 76.073 28.702 0 P 0
L 75.946 6.096 76.2 6.35 0 P 0
L 75.946 7.112 76.2 6.858 0 P 0
L 75.946 11.176 76.2 11.43 0 P 0
L 75.946 12.192 76.2 11.938 0 P 0
L 75.946 16.256 76.2 16.51 0 P 0
L 75.946 17.272 76.2 17.018 0 P 0
L 76.2 6.35 76.454 6.35 0 P 0
L 76.2 6.604 76.454 6.35 0 P 0
L 76.2 6.604 76.454 6.858 0 P 0
L 76.2 6.858 76.454 6.858 0 P 0
L 76.2 11.43 76.454 11.43 0 P 0
L 76.2 11.684 76.454 11.43 0 P 0
L 76.2 11.684 76.454 11.938 0 P 0
L 76.2 11.938 76.454 11.938 0 P 0
L 76.2 16.51 76.454 16.51 0 P 0
L 76.2 16.764 76.454 16.51 0 P 0
L 76.2 16.764 76.454 17.018 0 P 0
L 76.2 17.018 76.454 17.018 0 P 0
L 76.708 -0.762 76.962 -0.762 0 P 0
L 76.708 -0.762 76.962 -1.016 0 P 0
L 76.708 -1.27 76.962 -1.016 0 P 0
L 76.708 -1.27 76.962 -1.27 0 P 0
L 76.708 8.89 76.962 8.89 0 P 0
L 76.708 8.89 76.962 9.144 0 P 0
L 76.708 9.398 76.962 9.144 0 P 0
L 76.708 9.398 76.962 9.398 0 P 0
L 76.708 13.97 76.962 13.97 0 P 0
L 76.708 13.97 76.962 14.224 0 P 0
L 76.708 14.478 76.962 14.224 0 P 0
L 76.708 14.478 76.962 14.478 0 P 0
L 76.962 -0.762 77.216 -0.508 0 P 0
L 76.962 -1.27 77.216 -1.524 0 P 0
L 76.962 8.89 77.216 8.636 0 P 0
L 76.962 9.398 77.216 9.652 0 P 0
L 76.962 13.97 77.216 13.716 0 P 0
L 76.962 14.478 77.216 14.732 0 P 0
L 77.216 -0.508 77.47 -0.762 0 P 0
L 77.216 -1.524 77.47 -1.27 0 P 0
L 77.216 8.636 77.47 8.89 0 P 0
L 77.216 9.652 77.47 9.398 0 P 0
L 77.216 13.716 77.47 13.97 0 P 0
L 77.216 14.732 77.47 14.478 0 P 0
L 77.47 -0.762 77.724 -0.762 0 P 0
L 77.47 -1.016 77.724 -0.762 0 P 0
L 77.47 -1.016 77.724 -1.27 0 P 0
L 77.47 -1.27 77.724 -1.27 0 P 0
L 77.47 8.89 77.724 8.89 0 P 0
L 77.47 9.144 77.724 8.89 0 P 0
L 77.47 9.144 77.724 9.398 0 P 0
L 77.47 9.398 77.724 9.398 0 P 0
L 77.47 13.97 77.724 13.97 0 P 0
L 77.47 14.224 77.724 13.97 0 P 0
L 77.47 14.224 77.724 14.478 0 P 0
L 77.47 14.478 77.724 14.478 0 P 0
L 77.978 6.35 78.232 6.35 0 P 0
L 77.978 6.35 78.232 6.604 0 P 0
L 77.978 6.858 78.232 6.604 0 P 0
L 77.978 6.858 78.232 6.858 0 P 0
L 77.978 16.51 78.232 16.51 0 P 0
L 77.978 16.51 78.232 16.764 0 P 0
L 77.978 17.018 78.232 16.764 0 P 0
L 77.978 17.018 78.232 17.018 0 P 0
L 78.232 6.35 78.486 6.096 0 P 0
L 78.232 6.858 78.486 7.112 0 P 0
L 78.232 16.51 78.486 16.256 0 P 0
L 78.232 17.018 78.486 17.272 0 P 0
L 78.486 6.096 78.74 6.35 0 P 0
L 78.486 7.112 78.74 6.858 0 P 0
L 78.486 16.256 78.74 16.51 0 P 0
L 78.486 17.272 78.74 17.018 0 P 0
L 78.486 28.321 78.74 28.321 0 P 0
L 78.486 28.321 78.74 28.575 0 P 0
L 78.486 28.829 78.74 28.575 0 P 0
L 78.486 28.829 78.74 28.829 0 P 0
L 78.74 6.35 78.994 6.35 0 P 0
L 78.74 6.604 78.994 6.35 0 P 0
L 78.74 6.604 78.994 6.858 0 P 0
L 78.74 6.858 78.994 6.858 0 P 0
L 78.74 16.51 78.994 16.51 0 P 0
L 78.74 16.764 78.994 16.51 0 P 0
L 78.74 16.764 78.994 17.018 0 P 0
L 78.74 17.018 78.994 17.018 0 P 0
L 78.74 28.321 78.994 28.067 0 P 0
L 78.74 28.829 78.994 29.083 0 P 0
L 78.994 28.067 79.248 28.321 0 P 0
L 78.994 29.083 79.248 28.829 0 P 0
L 79.248 -0.762 79.502 -0.762 0 P 0
L 79.248 -0.762 79.502 -1.016 0 P 0
L 79.248 -1.27 79.502 -1.016 0 P 0
L 79.248 -1.27 79.502 -1.27 0 P 0
L 79.248 8.89 79.502 8.89 0 P 0
L 79.248 8.89 79.502 9.144 0 P 0
L 79.248 9.398 79.502 9.144 0 P 0
L 79.248 9.398 79.502 9.398 0 P 0
L 79.248 16.764 79.502 16.764 0 P 0
L 79.248 16.764 79.502 17.018 0 P 0
L 79.248 17.272 79.502 17.018 0 P 0
L 79.248 17.272 79.502 17.272 0 P 0
L 79.248 28.321 79.502 28.321 0 P 0
L 79.248 28.575 79.502 28.321 0 P 0
L 79.248 28.575 79.502 28.829 0 P 0
L 79.248 28.829 79.502 28.829 0 P 0
L 79.502 -0.762 79.756 -0.508 0 P 0
L 79.502 -1.27 79.756 -1.524 0 P 0
L 79.502 8.89 79.756 8.636 0 P 0
L 79.502 9.398 79.756 9.652 0 P 0
L 79.502 16.764 79.756 16.51 0 P 0
L 79.502 17.272 79.756 17.526 0 P 0
L 79.756 -0.508 80.01 -0.762 0 P 0
L 79.756 -1.524 80.01 -1.27 0 P 0
L 79.756 8.636 80.01 8.89 0 P 0
L 79.756 9.652 80.01 9.398 0 P 0
L 79.756 16.51 80.01 16.764 0 P 0
L 79.756 17.526 80.01 17.272 0 P 0
L 80.01 -0.762 80.264 -0.762 0 P 0
L 80.01 -1.016 80.264 -0.762 0 P 0
L 80.01 -1.016 80.264 -1.27 0 P 0
L 80.01 -1.27 80.264 -1.27 0 P 0
L 80.01 8.89 80.264 8.89 0 P 0
L 80.01 9.144 80.264 8.89 0 P 0
L 80.01 9.144 80.264 9.398 0 P 0
L 80.01 9.398 80.264 9.398 0 P 0
L 80.01 16.764 80.264 16.764 0 P 0
L 80.01 17.018 80.264 16.764 0 P 0
L 80.01 17.018 80.264 17.272 0 P 0
L 80.01 17.272 80.264 17.272 0 P 0
L 80.518 1.27 80.772 1.27 0 P 0
L 80.518 1.27 80.772 1.524 0 P 0
L 80.518 1.778 80.772 1.524 0 P 0
L 80.518 1.778 80.772 1.778 0 P 0
L 80.518 6.35 80.772 6.35 0 P 0
L 80.518 6.35 80.772 6.604 0 P 0
L 80.518 6.858 80.772 6.604 0 P 0
L 80.518 6.858 80.772 6.858 0 P 0
L 80.518 16.51 80.772 16.51 0 P 0
L 80.518 16.51 80.772 16.764 0 P 0
L 80.518 17.018 80.772 16.764 0 P 0
L 80.518 17.018 80.772 17.018 0 P 0
L 80.645 15.621 80.899 15.621 0 P 0
L 80.645 15.621 80.899 15.875 0 P 0
L 80.645 16.129 80.899 15.875 0 P 0
L 80.645 16.129 80.899 16.129 0 P 0
L 80.772 1.27 81.026 1.016 0 P 0
L 80.772 1.778 81.026 2.032 0 P 0
L 80.772 6.35 81.026 6.096 0 P 0
L 80.772 6.858 81.026 7.112 0 P 0
L 80.772 16.51 81.026 16.256 0 P 0
L 80.772 17.018 81.026 17.272 0 P 0
L 80.899 15.621 81.153 15.367 0 P 0
L 80.899 16.129 81.153 16.383 0 P 0
L 81.026 1.016 81.28 1.27 0 P 0
L 81.026 2.032 81.28 1.778 0 P 0
L 81.026 6.096 81.28 6.35 0 P 0
L 81.026 7.112 81.28 6.858 0 P 0
L 81.026 16.256 81.28 16.51 0 P 0
L 81.026 17.272 81.28 17.018 0 P 0
L 81.153 15.367 81.407 15.621 0 P 0
L 81.153 16.383 81.407 16.129 0 P 0
L 81.28 1.27 81.534 1.27 0 P 0
L 81.28 1.524 81.534 1.27 0 P 0
L 81.28 1.524 81.534 1.778 0 P 0
L 81.28 1.778 81.534 1.778 0 P 0
L 81.28 6.35 81.534 6.35 0 P 0
L 81.28 6.604 81.534 6.35 0 P 0
L 81.28 6.604 81.534 6.858 0 P 0
L 81.28 6.858 81.534 6.858 0 P 0
L 81.28 16.51 81.534 16.51 0 P 0
L 81.28 16.764 81.534 16.51 0 P 0
L 81.28 16.764 81.534 17.018 0 P 0
L 81.28 17.018 81.534 17.018 0 P 0
L 81.407 4.699 81.661 4.699 0 P 0
L 81.407 4.699 81.661 4.953 0 P 0
L 81.407 5.207 81.661 4.953 0 P 0
L 81.407 5.207 81.661 5.207 0 P 0
L 81.407 15.621 81.661 15.621 0 P 0
L 81.407 15.875 81.661 15.621 0 P 0
L 81.407 15.875 81.661 16.129 0 P 0
L 81.407 16.129 81.661 16.129 0 P 0
L 81.534 0.508 81.788 0.508 0 P 0
L 81.534 0.508 81.788 0.762 0 P 0
L 81.534 1.016 81.788 0.762 0 P 0
L 81.534 1.016 81.788 1.016 0 P 0
L 81.661 4.699 81.915 4.445 0 P 0
L 81.661 5.207 81.915 5.461 0 P 0
L 81.788 -0.762 82.042 -0.762 0 P 0
L 81.788 -0.762 82.042 -1.016 0 P 0
L 81.788 -1.27 82.042 -1.016 0 P 0
L 81.788 -1.27 82.042 -1.27 0 P 0
L 81.788 0.508 82.042 0.254 0 P 0
L 81.788 1.016 82.042 1.27 0 P 0
L 81.788 8.89 82.042 8.89 0 P 0
L 81.788 8.89 82.042 9.144 0 P 0
L 81.788 9.398 82.042 9.144 0 P 0
L 81.788 9.398 82.042 9.398 0 P 0
L 81.788 13.97 82.042 13.97 0 P 0
L 81.788 13.97 82.042 14.224 0 P 0
L 81.788 14.478 82.042 14.224 0 P 0
L 81.788 14.478 82.042 14.478 0 P 0
L 81.788 19.05 82.042 19.05 0 P 0
L 81.788 19.05 82.042 19.304 0 P 0
L 81.788 19.558 82.042 19.304 0 P 0
L 81.788 19.558 82.042 19.558 0 P 0
L 81.915 4.445 82.169 4.699 0 P 0
L 81.915 5.461 82.169 5.207 0 P 0
L 82.0236104 28.33660576 82.2776104 28.33660576 0 P 0
L 82.0236104 28.33660576 82.2776104 28.59060576 0 P 0
L 82.0236104 28.84460576 82.2776104 28.59060576 0 P 0
L 82.0236104 28.84460576 82.2776104 28.84460576 0 P 0
L 82.042 -0.762 82.296 -0.508 0 P 0
L 82.042 -1.27 82.296 -1.524 0 P 0
L 82.042 0.254 82.296 0.508 0 P 0
L 82.042 1.27 82.296 1.016 0 P 0
L 82.042 8.89 82.296 8.636 0 P 0
L 82.042 9.398 82.296 9.652 0 P 0
L 82.042 13.97 82.296 13.716 0 P 0
L 82.042 14.478 82.296 14.732 0 P 0
L 82.042 19.05 82.296 18.796 0 P 0
L 82.042 19.558 82.296 19.812 0 P 0
L 82.169 4.699 82.423 4.699 0 P 0
L 82.169 4.953 82.423 4.699 0 P 0
L 82.169 4.953 82.423 5.207 0 P 0
L 82.169 5.207 82.423 5.207 0 P 0
L 82.2776104 28.33660576 82.5316104 28.08260576 0 P 0
L 82.2776104 28.84460576 82.5316104 29.09860576 0 P 0
L 82.296 -0.508 82.55 -0.762 0 P 0
L 82.296 -1.524 82.55 -1.27 0 P 0
L 82.296 0.508 82.55 0.508 0 P 0
L 82.296 0.762 82.55 0.508 0 P 0
L 82.296 0.762 82.55 1.016 0 P 0
L 82.296 1.016 82.55 1.016 0 P 0
L 82.296 8.636 82.55 8.89 0 P 0
L 82.296 9.652 82.55 9.398 0 P 0
L 82.296 13.716 82.55 13.97 0 P 0
L 82.296 14.732 82.55 14.478 0 P 0
L 82.296 18.288 82.55 18.288 0 P 0
L 82.296 18.288 82.55 18.542 0 P 0
L 82.296 18.796 82.55 18.542 0 P 0
L 82.296 18.796 82.55 18.796 0 P 0
L 82.296 18.796 82.55 19.05 0 P 0
L 82.296 19.812 82.55 19.558 0 P 0
L 82.5316104 28.08260576 82.7856104 28.33660576 0 P 0
L 82.5316104 29.09860576 82.7856104 28.84460576 0 P 0
L 82.55 -0.762 82.804 -0.762 0 P 0
L 82.55 -1.016 82.804 -0.762 0 P 0
L 82.55 -1.016 82.804 -1.27 0 P 0
L 82.55 -1.27 82.804 -1.27 0 P 0
L 82.55 8.89 82.804 8.89 0 P 0
L 82.55 9.144 82.804 8.89 0 P 0
L 82.55 9.144 82.804 9.398 0 P 0
L 82.55 9.398 82.804 9.398 0 P 0
L 82.55 13.97 82.804 13.97 0 P 0
L 82.55 14.224 82.804 13.97 0 P 0
L 82.55 14.224 82.804 14.478 0 P 0
L 82.55 14.478 82.804 14.478 0 P 0
L 82.55 18.288 82.804 18.034 0 P 0
L 82.55 18.796 82.804 19.05 0 P 0
L 82.55 19.05 82.804 19.05 0 P 0
L 82.55 19.304 82.804 19.05 0 P 0
L 82.55 19.304 82.804 19.558 0 P 0
L 82.55 19.558 82.804 19.558 0 P 0
L 82.7856104 28.33660576 83.0396104 28.33660576 0 P 0
L 82.7856104 28.59060576 83.0396104 28.33660576 0 P 0
L 82.7856104 28.59060576 83.0396104 28.84460576 0 P 0
L 82.7856104 28.84460576 83.0396104 28.84460576 0 P 0
L 82.804 18.034 83.058 18.288 0 P 0
L 82.804 19.05 83.058 18.796 0 P 0
L 83.058 1.27 83.312 1.27 0 P 0
L 83.058 1.27 83.312 1.524 0 P 0
L 83.058 1.778 83.312 1.524 0 P 0
L 83.058 1.778 83.312 1.778 0 P 0
L 83.058 6.35 83.312 6.35 0 P 0
L 83.058 6.35 83.312 6.604 0 P 0
L 83.058 6.858 83.312 6.604 0 P 0
L 83.058 6.858 83.312 6.858 0 P 0
L 83.058 11.43 83.312 11.43 0 P 0
L 83.058 11.43 83.312 11.684 0 P 0
L 83.058 11.938 83.312 11.684 0 P 0
L 83.058 11.938 83.312 11.938 0 P 0
L 83.058 18.288 83.312 18.288 0 P 0
L 83.058 18.542 83.312 18.288 0 P 0
L 83.058 18.542 83.312 18.796 0 P 0
L 83.058 18.796 83.312 18.796 0 P 0
L 83.185 2.794 83.439 2.794 0 P 0
L 83.185 2.794 83.439 3.048 0 P 0
L 83.185 3.302 83.439 3.048 0 P 0
L 83.185 3.302 83.439 3.302 0 P 0
L 83.312 1.27 83.566 1.016 0 P 0
L 83.312 1.778 83.566 2.032 0 P 0
L 83.312 6.35 83.566 6.096 0 P 0
L 83.312 6.858 83.566 7.112 0 P 0
L 83.312 11.43 83.566 11.176 0 P 0
L 83.312 11.938 83.566 12.192 0 P 0
L 83.439 2.794 83.693 2.54 0 P 0
L 83.439 3.302 83.693 3.556 0 P 0
L 83.566 1.016 83.82 1.27 0 P 0
L 83.566 2.032 83.82 1.778 0 P 0
L 83.566 6.096 83.82 6.35 0 P 0
L 83.566 7.112 83.82 6.858 0 P 0
L 83.566 11.176 83.82 11.43 0 P 0
L 83.566 12.192 83.82 11.938 0 P 0
L 83.693 2.54 83.947 2.794 0 P 0
L 83.693 3.556 83.947 3.302 0 P 0
L 83.82 1.27 84.074 1.27 0 P 0
L 83.82 1.524 84.074 1.27 0 P 0
L 83.82 1.524 84.074 1.778 0 P 0
L 83.82 1.778 84.074 1.778 0 P 0
L 83.82 6.35 84.074 6.35 0 P 0
L 83.82 6.604 84.074 6.35 0 P 0
L 83.82 6.604 84.074 6.858 0 P 0
L 83.82 6.858 84.074 6.858 0 P 0
L 83.82 11.43 84.074 11.43 0 P 0
L 83.82 11.684 84.074 11.43 0 P 0
L 83.82 11.684 84.074 11.938 0 P 0
L 83.82 11.938 84.074 11.938 0 P 0
L 83.947 2.794 84.201 2.794 0 P 0
L 83.947 3.048 84.201 2.794 0 P 0
L 83.947 3.048 84.201 3.302 0 P 0
L 83.947 3.302 84.201 3.302 0 P 0
L 84.328 -0.762 84.582 -0.762 0 P 0
L 84.328 -0.762 84.582 -1.016 0 P 0
L 84.328 -1.27 84.582 -1.016 0 P 0
L 84.328 -1.27 84.582 -1.27 0 P 0
L 84.328 3.81 84.582 3.81 0 P 0
L 84.328 3.81 84.582 4.064 0 P 0
L 84.328 4.318 84.582 4.064 0 P 0
L 84.328 4.318 84.582 4.318 0 P 0
L 84.582 -0.762 84.836 -0.508 0 P 0
L 84.582 -1.27 84.836 -1.524 0 P 0
L 84.582 3.81 84.836 3.556 0 P 0
L 84.582 4.318 84.836 4.572 0 P 0
L 84.836 -0.508 85.09 -0.762 0 P 0
L 84.836 -1.524 85.09 -1.27 0 P 0
L 84.836 3.556 85.09 3.81 0 P 0
L 84.836 4.572 85.09 4.318 0 P 0
L 85.09 -0.762 85.344 -0.762 0 P 0
L 85.09 -1.016 85.344 -0.762 0 P 0
L 85.09 -1.016 85.344 -1.27 0 P 0
L 85.09 -1.27 85.344 -1.27 0 P 0
L 85.09 3.81 85.344 3.81 0 P 0
L 85.09 4.064 85.344 3.81 0 P 0
L 85.09 4.064 85.344 4.318 0 P 0
L 85.09 4.318 85.344 4.318 0 P 0
L 85.598 1.27 85.852 1.27 0 P 0
L 85.598 1.27 85.852 1.524 0 P 0
L 85.598 1.778 85.852 1.524 0 P 0
L 85.598 1.778 85.852 1.778 0 P 0
L 85.598 6.35 85.852 6.35 0 P 0
L 85.598 6.35 85.852 6.604 0 P 0
L 85.598 6.858 85.852 6.604 0 P 0
L 85.598 6.858 85.852 6.858 0 P 0
L 85.598 26.67 85.852 26.67 0 P 0
L 85.598 26.67 85.852 26.924 0 P 0
L 85.598 27.178 85.852 26.924 0 P 0
L 85.598 27.178 85.852 27.178 0 P 0
L 85.725 19.812 85.979 19.812 0 P 0
L 85.725 19.812 85.979 20.066 0 P 0
L 85.725 20.32 85.979 20.066 0 P 0
L 85.725 20.32 85.979 20.32 0 P 0
L 85.725 21.336 85.979 21.336 0 P 0
L 85.725 21.336 85.979 21.59 0 P 0
L 85.725 21.844 85.979 21.59 0 P 0
L 85.725 21.844 85.979 21.844 0 P 0
L 85.725 22.606 85.979 22.606 0 P 0
L 85.725 22.606 85.979 22.86 0 P 0
L 85.725 23.114 85.979 22.86 0 P 0
L 85.725 23.114 85.979 23.114 0 P 0
L 85.852 1.27 86.106 1.016 0 P 0
L 85.852 1.778 86.106 2.032 0 P 0
L 85.852 6.35 86.106 6.096 0 P 0
L 85.852 6.858 86.106 7.112 0 P 0
L 85.852 25.4 86.106 25.4 0 P 0
L 85.852 25.4 86.106 25.654 0 P 0
L 85.852 25.908 86.106 25.654 0 P 0
L 85.852 25.908 86.106 25.908 0 P 0
L 85.852 26.67 86.106 26.416 0 P 0
L 85.852 27.178 86.106 27.432 0 P 0
L 85.979 13.589 86.233 13.589 0 P 0
L 85.979 13.589 86.233 13.843 0 P 0
L 85.979 14.097 86.233 13.843 0 P 0
L 85.979 14.097 86.233 14.097 0 P 0
L 85.979 19.812 86.233 19.558 0 P 0
L 85.979 20.32 86.233 20.574 0 P 0
L 85.979 21.336 86.233 21.082 0 P 0
L 85.979 21.844 86.233 22.098 0 P 0
L 85.979 22.606 86.233 22.352 0 P 0
L 85.979 23.114 86.233 23.368 0 P 0
L 86.106 1.016 86.36 1.27 0 P 0
L 86.106 2.032 86.36 1.778 0 P 0
L 86.106 6.096 86.36 6.35 0 P 0
L 86.106 7.112 86.36 6.858 0 P 0
L 86.106 25.4 86.36 25.146 0 P 0
L 86.106 25.908 86.36 26.162 0 P 0
L 86.106 26.416 86.36 26.67 0 P 0
L 86.106 27.432 86.36 27.178 0 P 0
L 86.106 28.067 86.36 28.067 0 P 0
L 86.106 28.067 86.36 28.321 0 P 0
L 86.106 28.575 86.36 28.321 0 P 0
L 86.106 28.575 86.36 28.575 0 P 0
L 86.233 13.589 86.487 13.335 0 P 0
L 86.233 14.097 86.487 14.351 0 P 0
L 86.233 19.558 86.487 19.812 0 P 0
L 86.233 20.574 86.487 20.32 0 P 0
L 86.233 21.082 86.487 21.336 0 P 0
L 86.233 22.098 86.487 21.844 0 P 0
L 86.233 22.352 86.487 22.606 0 P 0
L 86.233 23.368 86.487 23.114 0 P 0
L 86.36 1.27 86.614 1.27 0 P 0
L 86.36 1.524 86.614 1.27 0 P 0
L 86.36 1.524 86.614 1.778 0 P 0
L 86.36 1.778 86.614 1.778 0 P 0
L 86.36 6.35 86.614 6.35 0 P 0
L 86.36 6.604 86.614 6.35 0 P 0
L 86.36 6.604 86.614 6.858 0 P 0
L 86.36 6.858 86.614 6.858 0 P 0
L 86.36 25.146 86.614 25.4 0 P 0
L 86.36 26.162 86.614 25.908 0 P 0
L 86.36 26.67 86.614 26.67 0 P 0
L 86.36 26.924 86.614 26.67 0 P 0
L 86.36 26.924 86.614 27.178 0 P 0
L 86.36 27.178 86.614 27.178 0 P 0
L 86.36 28.067 86.614 27.813 0 P 0
L 86.36 28.575 86.614 28.829 0 P 0
L 86.487 13.335 86.741 13.589 0 P 0
L 86.487 14.351 86.741 14.097 0 P 0
L 86.487 19.812 86.741 19.812 0 P 0
L 86.487 20.066 86.741 19.812 0 P 0
L 86.487 20.066 86.741 20.32 0 P 0
L 86.487 20.32 86.741 20.32 0 P 0
L 86.487 21.336 86.741 21.336 0 P 0
L 86.487 21.59 86.741 21.336 0 P 0
L 86.487 21.59 86.741 21.844 0 P 0
L 86.487 21.844 86.741 21.844 0 P 0
L 86.487 22.606 86.741 22.606 0 P 0
L 86.487 22.86 86.741 22.606 0 P 0
L 86.487 22.86 86.741 23.114 0 P 0
L 86.487 23.114 86.741 23.114 0 P 0
L 86.614 25.4 86.868 25.4 0 P 0
L 86.614 25.654 86.868 25.4 0 P 0
L 86.614 25.654 86.868 25.908 0 P 0
L 86.614 25.908 86.868 25.908 0 P 0
L 86.614 27.813 86.868 28.067 0 P 0
L 86.614 28.829 86.868 28.575 0 P 0
L 86.741 13.589 86.995 13.589 0 P 0
L 86.741 13.843 86.995 13.589 0 P 0
L 86.741 13.843 86.995 14.097 0 P 0
L 86.741 14.097 86.995 14.097 0 P 0
L 86.868 -0.762 87.122 -0.762 0 P 0
L 86.868 -0.762 87.122 -1.016 0 P 0
L 86.868 -1.27 87.122 -1.016 0 P 0
L 86.868 -1.27 87.122 -1.27 0 P 0
L 86.868 3.81 87.122 3.81 0 P 0
L 86.868 3.81 87.122 4.064 0 P 0
L 86.868 4.318 87.122 4.064 0 P 0
L 86.868 4.318 87.122 4.318 0 P 0
L 86.868 28.067 87.122 28.067 0 P 0
L 86.868 28.321 87.122 28.067 0 P 0
L 86.868 28.321 87.122 28.575 0 P 0
L 86.868 28.575 87.122 28.575 0 P 0
L 86.995 19.812 87.249 19.812 0 P 0
L 86.995 19.812 87.249 20.066 0 P 0
L 86.995 20.32 87.249 20.066 0 P 0
L 86.995 20.32 87.249 20.32 0 P 0
L 86.995 21.336 87.249 21.336 0 P 0
L 86.995 21.336 87.249 21.59 0 P 0
L 86.995 21.844 87.249 21.59 0 P 0
L 86.995 21.844 87.249 21.844 0 P 0
L 86.995 22.606 87.249 22.606 0 P 0
L 86.995 22.606 87.249 22.86 0 P 0
L 86.995 23.114 87.249 22.86 0 P 0
L 86.995 23.114 87.249 23.114 0 P 0
L 87.122 -0.762 87.376 -0.508 0 P 0
L 87.122 -1.27 87.376 -1.524 0 P 0
L 87.122 3.81 87.376 3.556 0 P 0
L 87.122 4.318 87.376 4.572 0 P 0
L 87.249 19.812 87.503 19.558 0 P 0
L 87.249 20.32 87.503 20.574 0 P 0
L 87.249 21.336 87.503 21.082 0 P 0
L 87.249 21.844 87.503 22.098 0 P 0
L 87.249 22.606 87.503 22.352 0 P 0
L 87.249 23.114 87.503 23.368 0 P 0
L 87.376 -0.508 87.63 -0.762 0 P 0
L 87.376 -1.524 87.63 -1.27 0 P 0
L 87.376 3.556 87.63 3.81 0 P 0
L 87.376 4.572 87.63 4.318 0 P 0
L 87.503 19.558 87.757 19.812 0 P 0
L 87.503 20.574 87.757 20.32 0 P 0
L 87.503 21.082 87.757 21.336 0 P 0
L 87.503 22.098 87.757 21.844 0 P 0
L 87.503 22.352 87.757 22.606 0 P 0
L 87.503 23.368 87.757 23.114 0 P 0
L 87.63 -0.762 87.884 -0.762 0 P 0
L 87.63 -1.016 87.884 -0.762 0 P 0
L 87.63 -1.016 87.884 -1.27 0 P 0
L 87.63 -1.27 87.884 -1.27 0 P 0
L 87.63 3.81 87.884 3.81 0 P 0
L 87.63 4.064 87.884 3.81 0 P 0
L 87.63 4.064 87.884 4.318 0 P 0
L 87.63 4.318 87.884 4.318 0 P 0
L 87.757 19.812 88.011 19.812 0 P 0
L 87.757 20.066 88.011 19.812 0 P 0
L 87.757 20.066 88.011 20.32 0 P 0
L 87.757 20.32 88.011 20.32 0 P 0
L 87.757 21.336 88.011 21.336 0 P 0
L 87.757 21.59 88.011 21.336 0 P 0
L 87.757 21.59 88.011 21.844 0 P 0
L 87.757 21.844 88.011 21.844 0 P 0
L 87.757 22.606 88.011 22.606 0 P 0
L 87.757 22.86 88.011 22.606 0 P 0
L 87.757 22.86 88.011 23.114 0 P 0
L 87.757 23.114 88.011 23.114 0 P 0
L 88.138 1.27 88.392 1.27 0 P 0
L 88.138 1.27 88.392 1.524 0 P 0
L 88.138 1.778 88.392 1.524 0 P 0
L 88.138 1.778 88.392 1.778 0 P 0
L 88.138 6.35 88.392 6.35 0 P 0
L 88.138 6.35 88.392 6.604 0 P 0
L 88.138 6.858 88.392 6.604 0 P 0
L 88.138 6.858 88.392 6.858 0 P 0
L 88.138 19.812 88.392 19.812 0 P 0
L 88.138 19.812 88.392 20.066 0 P 0
L 88.138 20.32 88.392 20.066 0 P 0
L 88.138 20.32 88.392 20.32 0 P 0
L 88.138 21.336 88.392 21.336 0 P 0
L 88.138 21.336 88.392 21.59 0 P 0
L 88.138 21.844 88.392 21.59 0 P 0
L 88.138 21.844 88.392 21.844 0 P 0
L 88.138 22.606 88.392 22.606 0 P 0
L 88.138 22.606 88.392 22.86 0 P 0
L 88.138 23.114 88.392 22.86 0 P 0
L 88.138 23.114 88.392 23.114 0 P 0
L 88.138 26.67 88.392 26.67 0 P 0
L 88.138 26.67 88.392 26.924 0 P 0
L 88.138 27.178 88.392 26.924 0 P 0
L 88.138 27.178 88.392 27.178 0 P 0
L 88.392 1.27 88.646 1.016 0 P 0
L 88.392 1.778 88.646 2.032 0 P 0
L 88.392 6.35 88.646 6.096 0 P 0
L 88.392 6.858 88.646 7.112 0 P 0
L 88.392 19.812 88.646 19.558 0 P 0
L 88.392 20.32 88.646 20.574 0 P 0
L 88.392 21.336 88.646 21.082 0 P 0
L 88.392 21.844 88.646 22.098 0 P 0
L 88.392 22.606 88.646 22.352 0 P 0
L 88.392 23.114 88.646 23.368 0 P 0
L 88.392 25.527 88.646 25.527 0 P 0
L 88.392 25.527 88.646 25.781 0 P 0
L 88.392 26.035 88.646 25.781 0 P 0
L 88.392 26.035 88.646 26.035 0 P 0
L 88.392 26.67 88.646 26.416 0 P 0
L 88.392 27.178 88.646 27.432 0 P 0
L 88.43199992 11.07700096 88.43199992 12.09300096 0 P 0
L 88.43199992 11.07700096 89.44799992 11.07700096 0 P 0
L 88.43199992 12.09300096 89.44799992 12.09300096 0 P 0
L 88.43199992 14.57700158 88.43199992 15.59300158 0 P 0
L 88.43199992 14.57700158 89.44799992 14.57700158 0 P 0
L 88.43199992 15.59300158 89.44799992 15.59300158 0 P 0
L 88.646 1.016 88.9 1.27 0 P 0
L 88.646 2.032 88.9 1.778 0 P 0
L 88.646 6.096 88.9 6.35 0 P 0
L 88.646 7.112 88.9 6.858 0 P 0
L 88.646 19.558 88.9 19.812 0 P 0
L 88.646 20.574 88.9 20.32 0 P 0
L 88.646 21.082 88.9 21.336 0 P 0
L 88.646 22.098 88.9 21.844 0 P 0
L 88.646 22.352 88.9 22.606 0 P 0
L 88.646 23.368 88.9 23.114 0 P 0
L 88.646 25.527 88.9 25.273 0 P 0
L 88.646 26.035 88.9 26.289 0 P 0
L 88.646 26.416 88.9 26.67 0 P 0
L 88.646 27.432 88.9 27.178 0 P 0
L 88.9 1.27 89.154 1.27 0 P 0
L 88.9 1.524 89.154 1.27 0 P 0
L 88.9 1.524 89.154 1.778 0 P 0
L 88.9 1.778 89.154 1.778 0 P 0
L 88.9 6.35 89.154 6.35 0 P 0
L 88.9 6.604 89.154 6.35 0 P 0
L 88.9 6.604 89.154 6.858 0 P 0
L 88.9 6.858 89.154 6.858 0 P 0
L 88.9 19.812 89.154 19.812 0 P 0
L 88.9 20.066 89.154 19.812 0 P 0
L 88.9 20.066 89.154 20.32 0 P 0
L 88.9 20.32 89.154 20.32 0 P 0
L 88.9 21.336 89.154 21.336 0 P 0
L 88.9 21.59 89.154 21.336 0 P 0
L 88.9 21.59 89.154 21.844 0 P 0
L 88.9 21.844 89.154 21.844 0 P 0
L 88.9 22.606 89.154 22.606 0 P 0
L 88.9 22.86 89.154 22.606 0 P 0
L 88.9 22.86 89.154 23.114 0 P 0
L 88.9 23.114 89.154 23.114 0 P 0
L 88.9 25.273 89.154 25.527 0 P 0
L 88.9 26.289 89.154 26.035 0 P 0
L 88.9 26.67 89.154 26.67 0 P 0
L 88.9 26.924 89.154 26.67 0 P 0
L 88.9 26.924 89.154 27.178 0 P 0
L 88.9 27.178 89.154 27.178 0 P 0
L 88.95601208 28.03140952 89.21001208 28.03140952 0 P 0
L 88.95601208 28.03140952 89.21001208 28.28540952 0 P 0
L 88.95601208 28.53940952 89.21001208 28.28540952 0 P 0
L 88.95601208 28.53940952 89.21001208 28.53940952 0 P 0
L 89.154 25.527 89.408 25.527 0 P 0
L 89.154 25.781 89.408 25.527 0 P 0
L 89.154 25.781 89.408 26.035 0 P 0
L 89.154 26.035 89.408 26.035 0 P 0
L 89.21001208 28.03140952 89.46401208 27.77740952 0 P 0
L 89.21001208 28.53940952 89.46401208 28.79340952 0 P 0
L 89.408 -0.762 89.662 -0.762 0 P 0
L 89.408 -0.762 89.662 -1.016 0 P 0
L 89.408 -1.27 89.662 -1.016 0 P 0
L 89.408 -1.27 89.662 -1.27 0 P 0
L 89.408 3.81 89.662 3.81 0 P 0
L 89.408 3.81 89.662 4.064 0 P 0
L 89.408 4.318 89.662 4.064 0 P 0
L 89.408 4.318 89.662 4.318 0 P 0
L 89.44799992 11.07700096 89.44799992 12.09300096 0 P 0
L 89.44799992 14.57700158 89.44799992 15.59300158 0 P 0
L 89.46401208 27.77740952 89.71801208 28.03140952 0 P 0
L 89.46401208 28.79340952 89.71801208 28.53940952 0 P 0
L 89.662 -0.762 89.916 -0.508 0 P 0
L 89.662 -1.27 89.916 -1.524 0 P 0
L 89.662 3.81 89.916 3.556 0 P 0
L 89.662 4.318 89.916 4.572 0 P 0
L 89.71801208 28.03140952 89.97201208 28.03140952 0 P 0
L 89.71801208 28.28540952 89.97201208 28.03140952 0 P 0
L 89.71801208 28.28540952 89.97201208 28.53940952 0 P 0
L 89.71801208 28.53940952 89.97201208 28.53940952 0 P 0
L 89.916 -0.508 90.17 -0.762 0 P 0
L 89.916 -1.524 90.17 -1.27 0 P 0
L 89.916 3.556 90.17 3.81 0 P 0
L 89.916 4.572 90.17 4.318 0 P 0
L 90.17 -0.762 90.424 -0.762 0 P 0
L 90.17 -1.016 90.424 -0.762 0 P 0
L 90.17 -1.016 90.424 -1.27 0 P 0
L 90.17 -1.27 90.424 -1.27 0 P 0
L 90.17 3.81 90.424 3.81 0 P 0
L 90.17 4.064 90.424 3.81 0 P 0
L 90.17 4.064 90.424 4.318 0 P 0
L 90.17 4.318 90.424 4.318 0 P 0
L 90.678 6.35 90.932 6.35 0 P 0
L 90.678 6.35 90.932 6.604 0 P 0
L 90.678 6.858 90.932 6.604 0 P 0
L 90.678 6.858 90.932 6.858 0 P 0
L 90.678 13.589 90.932 13.589 0 P 0
L 90.678 13.589 90.932 13.843 0 P 0
L 90.678 14.097 90.932 13.843 0 P 0
L 90.678 14.097 90.932 14.097 0 P 0
L 90.932 6.35 91.186 6.096 0 P 0
L 90.932 6.858 91.186 7.112 0 P 0
L 90.932 13.589 91.186 13.335 0 P 0
L 90.932 14.097 91.186 14.351 0 P 0
L 91.059 19.05 91.313 19.05 0 P 0
L 91.059 19.05 91.313 19.304 0 P 0
L 91.059 19.558 91.313 19.304 0 P 0
L 91.059 19.558 91.313 19.558 0 P 0
L 91.059 19.939 91.313 19.939 0 P 0
L 91.059 19.939 91.313 20.193 0 P 0
L 91.059 20.447 91.313 20.193 0 P 0
L 91.059 20.447 91.313 20.447 0 P 0
L 91.059 20.828 91.313 20.828 0 P 0
L 91.059 20.828 91.313 21.082 0 P 0
L 91.059 21.336 91.313 21.082 0 P 0
L 91.059 21.336 91.313 21.336 0 P 0
L 91.059 21.717 91.313 21.717 0 P 0
L 91.059 21.717 91.313 21.971 0 P 0
L 91.059 22.225 91.313 21.971 0 P 0
L 91.059 22.225 91.313 22.225 0 P 0
L 91.059 22.606 91.313 22.606 0 P 0
L 91.059 22.606 91.313 22.86 0 P 0
L 91.059 23.114 91.313 22.86 0 P 0
L 91.059 23.114 91.313 23.114 0 P 0
L 91.186 6.096 91.44 6.35 0 P 0
L 91.186 7.112 91.44 6.858 0 P 0
L 91.186 13.335 91.44 13.589 0 P 0
L 91.186 14.351 91.44 14.097 0 P 0
L 91.313 19.05 91.567 18.796 0 P 0
L 91.313 19.558 91.567 19.812 0 P 0
L 91.313 19.939 91.567 19.685 0 P 0
L 91.313 20.447 91.567 20.701 0 P 0
L 91.313 20.828 91.567 20.574 0 P 0
L 91.313 21.336 91.567 21.59 0 P 0
L 91.313 21.717 91.567 21.463 0 P 0
L 91.313 22.225 91.567 22.479 0 P 0
L 91.313 22.606 91.567 22.352 0 P 0
L 91.313 23.114 91.567 23.368 0 P 0
L 91.44 6.35 91.694 6.35 0 P 0
L 91.44 6.604 91.694 6.35 0 P 0
L 91.44 6.604 91.694 6.858 0 P 0
L 91.44 6.858 91.694 6.858 0 P 0
L 91.44 13.589 91.694 13.589 0 P 0
L 91.44 13.843 91.694 13.589 0 P 0
L 91.44 13.843 91.694 14.097 0 P 0
L 91.44 14.097 91.694 14.097 0 P 0
L 91.567 18.796 91.821 19.05 0 P 0
L 91.567 19.685 91.821 19.939 0 P 0
L 91.567 19.812 91.821 19.558 0 P 0
L 91.567 20.574 91.821 20.828 0 P 0
L 91.567 20.701 91.821 20.447 0 P 0
L 91.567 21.463 91.821 21.717 0 P 0
L 91.567 21.59 91.821 21.336 0 P 0
L 91.567 22.352 91.821 22.606 0 P 0
L 91.567 22.479 91.821 22.225 0 P 0
L 91.567 23.368 91.821 23.114 0 P 0
L 91.821 18.542 92.075 18.542 0 P 0
L 91.821 18.542 92.075 18.796 0 P 0
L 91.821 19.05 92.075 18.796 0 P 0
L 91.821 19.05 92.075 19.05 0 P 0
L 91.821 19.05 92.075 19.05 0 P 0
L 91.821 19.304 92.075 19.05 0 P 0
L 91.821 19.304 92.075 19.558 0 P 0
L 91.821 19.431 92.075 19.431 0 P 0
L 91.821 19.431 92.075 19.685 0 P 0
L 91.821 19.558 92.075 19.558 0 P 0
L 91.821 19.939 92.075 19.685 0 P 0
L 91.821 19.939 92.075 19.939 0 P 0
L 91.821 19.939 92.075 19.939 0 P 0
L 91.821 20.193 92.075 19.939 0 P 0
L 91.821 20.193 92.075 20.447 0 P 0
L 91.821 20.32 92.075 20.32 0 P 0
L 91.821 20.32 92.075 20.574 0 P 0
L 91.821 20.447 92.075 20.447 0 P 0
L 91.821 20.828 92.075 20.574 0 P 0
L 91.821 20.828 92.075 20.828 0 P 0
L 91.821 20.828 92.075 20.828 0 P 0
L 91.821 21.082 92.075 20.828 0 P 0
L 91.821 21.082 92.075 21.336 0 P 0
L 91.821 21.209 92.075 21.209 0 P 0
L 91.821 21.209 92.075 21.463 0 P 0
L 91.821 21.336 92.075 21.336 0 P 0
L 91.821 21.717 92.075 21.463 0 P 0
L 91.821 21.717 92.075 21.717 0 P 0
L 91.821 21.717 92.075 21.717 0 P 0
L 91.821 21.971 92.075 21.717 0 P 0
L 91.821 21.971 92.075 22.225 0 P 0
L 91.821 22.098 92.075 22.098 0 P 0
L 91.821 22.098 92.075 22.352 0 P 0
L 91.821 22.225 92.075 22.225 0 P 0
L 91.821 22.606 92.075 22.352 0 P 0
L 91.821 22.606 92.075 22.606 0 P 0
L 91.821 22.606 92.075 22.606 0 P 0
L 91.821 22.86 92.075 22.606 0 P 0
L 91.821 22.86 92.075 23.114 0 P 0
L 91.821 23.114 92.075 23.114 0 P 0
L 91.948 3.81 92.202 3.81 0 P 0
L 91.948 3.81 92.202 4.064 0 P 0
L 91.948 4.318 92.202 4.064 0 P 0
L 91.948 4.318 92.202 4.318 0 P 0
L 92.075 18.542 92.329 18.288 0 P 0
L 92.075 19.05 92.329 19.304 0 P 0
L 92.075 19.431 92.329 19.177 0 P 0
L 92.075 19.939 92.329 20.193 0 P 0
L 92.075 20.32 92.329 20.066 0 P 0
L 92.075 20.828 92.329 21.082 0 P 0
L 92.075 21.209 92.329 20.955 0 P 0
L 92.075 21.717 92.329 21.971 0 P 0
L 92.075 22.098 92.329 21.844 0 P 0
L 92.075 22.606 92.329 22.86 0 P 0
L 92.202 3.81 92.456 3.556 0 P 0
L 92.202 4.318 92.456 4.572 0 P 0
L 92.329 18.288 92.583 18.542 0 P 0
L 92.329 19.177 92.583 19.431 0 P 0
L 92.329 19.304 92.583 19.05 0 P 0
L 92.329 20.066 92.583 20.32 0 P 0
L 92.329 20.193 92.583 19.939 0 P 0
L 92.329 20.955 92.583 21.209 0 P 0
L 92.329 21.082 92.583 20.828 0 P 0
L 92.329 21.844 92.583 22.098 0 P 0
L 92.329 21.971 92.583 21.717 0 P 0
L 92.329 22.86 92.583 22.606 0 P 0
L 92.456 3.556 92.71 3.81 0 P 0
L 92.456 4.572 92.71 4.318 0 P 0
L 92.583 18.542 92.837 18.542 0 P 0
L 92.583 18.796 92.837 18.542 0 P 0
L 92.583 18.796 92.837 19.05 0 P 0
L 92.583 18.923 92.837 18.923 0 P 0
L 92.583 18.923 92.837 19.177 0 P 0
L 92.583 19.05 92.837 19.05 0 P 0
L 92.583 19.431 92.837 19.177 0 P 0
L 92.583 19.431 92.837 19.431 0 P 0
L 92.583 19.431 92.837 19.431 0 P 0
L 92.583 19.685 92.837 19.431 0 P 0
L 92.583 19.685 92.837 19.939 0 P 0
L 92.583 19.939 92.837 19.939 0 P 0
L 92.583 20.32 92.837 20.32 0 P 0
L 92.583 20.574 92.837 20.32 0 P 0
L 92.583 20.574 92.837 20.828 0 P 0
L 92.583 20.701 92.837 20.701 0 P 0
L 92.583 20.701 92.837 20.955 0 P 0
L 92.583 20.828 92.837 20.828 0 P 0
L 92.583 21.209 92.837 20.955 0 P 0
L 92.583 21.209 92.837 21.209 0 P 0
L 92.583 21.209 92.837 21.209 0 P 0
L 92.583 21.463 92.837 21.209 0 P 0
L 92.583 21.463 92.837 21.717 0 P 0
L 92.583 21.59 92.837 21.59 0 P 0
L 92.583 21.59 92.837 21.844 0 P 0
L 92.583 21.717 92.837 21.717 0 P 0
L 92.583 22.098 92.837 21.844 0 P 0
L 92.583 22.098 92.837 22.098 0 P 0
L 92.583 22.098 92.837 22.098 0 P 0
L 92.583 22.352 92.837 22.098 0 P 0
L 92.583 22.352 92.837 22.606 0 P 0
L 92.583 22.606 92.837 22.606 0 P 0
L 92.583 22.606 92.837 22.606 0 P 0
L 92.583 22.606 92.837 22.86 0 P 0
L 92.583 23.114 92.837 22.86 0 P 0
L 92.583 23.114 92.837 23.114 0 P 0
L 92.60010944 19.88640168 92.85410944 19.88640168 0 P 0
L 92.60010944 19.88640168 92.85410944 20.14040168 0 P 0
L 92.60010944 20.39440168 92.85410944 20.14040168 0 P 0
L 92.60010944 20.39440168 92.85410944 20.39440168 0 P 0
L 92.71 0.508 93.218 -0.508 0 P 0
L 92.71 0.508 93.726 0.508 0 P 0
L 92.71 3.81 92.964 3.81 0 P 0
L 92.71 4.064 92.964 3.81 0 P 0
L 92.71 4.064 92.964 4.318 0 P 0
L 92.71 4.318 92.964 4.318 0 P 0
L 92.71 27.178 93.218 26.162 0 P 0
L 92.71 27.178 93.726 27.178 0 P 0
L 92.837 18.923 93.091 18.669 0 P 0
L 92.837 19.431 93.091 19.685 0 P 0
L 92.837 20.701 93.091 20.447 0 P 0
L 92.837 21.209 93.091 21.463 0 P 0
L 92.837 21.59 93.091 21.336 0 P 0
L 92.837 22.098 93.091 22.352 0 P 0
L 92.837 22.606 93.091 22.352 0 P 0
L 92.837 23.114 93.091 23.368 0 P 0
L 92.85410944 19.88640168 93.10810944 19.63240168 0 P 0
L 92.85410944 20.39440168 93.10810944 20.64840168 0 P 0
L 93.091 18.669 93.345 18.923 0 P 0
L 93.091 19.685 93.345 19.431 0 P 0
L 93.091 20.447 93.345 20.701 0 P 0
L 93.091 21.336 93.345 21.59 0 P 0
L 93.091 21.463 93.345 21.209 0 P 0
L 93.091 22.352 93.345 22.098 0 P 0
L 93.091 22.352 93.345 22.606 0 P 0
L 93.091 23.368 93.345 23.114 0 P 0
L 93.10810944 19.63240168 93.36210944 19.88640168 0 P 0
L 93.10810944 20.64840168 93.36210944 20.39440168 0 P 0
L 93.218 -0.508 93.726 0.508 0 P 0
L 93.218 6.35 93.472 6.35 0 P 0
L 93.218 6.35 93.472 6.604 0 P 0
L 93.218 6.858 93.472 6.604 0 P 0
L 93.218 6.858 93.472 6.858 0 P 0
L 93.218 26.162 93.726 27.178 0 P 0
L 93.345 18.542 93.599 18.542 0 P 0
L 93.345 18.542 93.599 18.796 0 P 0
L 93.345 18.923 93.599 18.923 0 P 0
L 93.345 19.05 93.599 18.796 0 P 0
L 93.345 19.05 93.599 19.05 0 P 0
L 93.345 19.177 93.599 18.923 0 P 0
L 93.345 19.177 93.599 19.431 0 P 0
L 93.345 19.431 93.599 19.431 0 P 0
L 93.345 19.431 93.599 19.431 0 P 0
L 93.345 19.431 93.599 19.685 0 P 0
L 93.345 19.939 93.599 19.685 0 P 0
L 93.345 19.939 93.599 19.939 0 P 0
L 93.345 20.32 93.599 20.32 0 P 0
L 93.345 20.32 93.599 20.574 0 P 0
L 93.345 20.701 93.599 20.701 0 P 0
L 93.345 20.828 93.599 20.574 0 P 0
L 93.345 20.828 93.599 20.828 0 P 0
L 93.345 20.955 93.599 20.701 0 P 0
L 93.345 20.955 93.599 21.209 0 P 0
L 93.345 21.209 93.599 21.209 0 P 0
L 93.345 21.209 93.599 21.209 0 P 0
L 93.345 21.209 93.599 21.463 0 P 0
L 93.345 21.59 93.599 21.59 0 P 0
L 93.345 21.717 93.599 21.463 0 P 0
L 93.345 21.717 93.599 21.717 0 P 0
L 93.345 21.844 93.599 21.59 0 P 0
L 93.345 21.844 93.599 22.098 0 P 0
L 93.345 22.098 93.599 22.098 0 P 0
L 93.345 22.098 93.599 22.098 0 P 0
L 93.345 22.098 93.599 22.352 0 P 0
L 93.345 22.606 93.599 22.352 0 P 0
L 93.345 22.606 93.599 22.606 0 P 0
L 93.345 22.606 93.599 22.606 0 P 0
L 93.345 22.86 93.599 22.606 0 P 0
L 93.345 22.86 93.599 23.114 0 P 0
L 93.345 23.114 93.599 23.114 0 P 0
L 93.36210944 19.88640168 93.61610944 19.88640168 0 P 0
L 93.36210944 20.14040168 93.61610944 19.88640168 0 P 0
L 93.36210944 20.14040168 93.61610944 20.39440168 0 P 0
L 93.36210944 20.39440168 93.61610944 20.39440168 0 P 0
L 93.43200008 11.07700096 93.43200008 12.09300096 0 P 0
L 93.43200008 11.07700096 94.44800008 11.07700096 0 P 0
L 93.43200008 12.09300096 94.44800008 12.09300096 0 P 0
L 93.43200008 14.57700158 93.43200008 15.59300158 0 P 0
L 93.43200008 14.57700158 94.44800008 14.57700158 0 P 0
L 93.43200008 15.59300158 94.44800008 15.59300158 0 P 0
L 93.472 6.35 93.726 6.096 0 P 0
L 93.472 6.858 93.726 7.112 0 P 0
L 93.599 18.542 93.853 18.288 0 P 0
L 93.599 19.05 93.853 19.304 0 P 0
L 93.599 19.431 93.853 19.177 0 P 0
L 93.599 19.939 93.853 20.193 0 P 0
L 93.599 20.32 93.853 20.066 0 P 0
L 93.599 20.828 93.853 21.082 0 P 0
L 93.599 21.209 93.853 20.955 0 P 0
L 93.599 21.717 93.853 21.971 0 P 0
L 93.599 22.098 93.853 21.844 0 P 0
L 93.599 22.606 93.853 22.86 0 P 0
L 93.726 6.096 93.98 6.35 0 P 0
L 93.726 7.112 93.98 6.858 0 P 0
L 93.853 18.288 94.107 18.542 0 P 0
L 93.853 19.177 94.107 19.431 0 P 0
L 93.853 19.304 94.107 19.05 0 P 0
L 93.853 20.066 94.107 20.32 0 P 0
L 93.853 20.193 94.107 19.939 0 P 0
L 93.853 20.955 94.107 21.209 0 P 0
L 93.853 21.082 94.107 20.828 0 P 0
L 93.853 21.844 94.107 22.098 0 P 0
L 93.853 21.971 94.107 21.717 0 P 0
L 93.853 22.86 94.107 22.606 0 P 0
L 93.98 6.35 94.234 6.35 0 P 0
L 93.98 6.604 94.234 6.35 0 P 0
L 93.98 6.604 94.234 6.858 0 P 0
L 93.98 6.858 94.234 6.858 0 P 0
L 94.107 18.542 94.361 18.542 0 P 0
L 94.107 18.796 94.361 18.542 0 P 0
L 94.107 18.796 94.361 19.05 0 P 0
L 94.107 18.923 94.361 18.923 0 P 0
L 94.107 18.923 94.361 19.177 0 P 0
L 94.107 19.05 94.361 19.05 0 P 0
L 94.107 19.431 94.361 19.177 0 P 0
L 94.107 19.431 94.361 19.431 0 P 0
L 94.107 19.431 94.361 19.431 0 P 0
L 94.107 19.685 94.361 19.431 0 P 0
L 94.107 19.685 94.361 19.939 0 P 0
L 94.107 19.812 94.361 19.812 0 P 0
L 94.107 19.812 94.361 20.066 0 P 0
L 94.107 19.939 94.361 19.939 0 P 0
L 94.107 20.32 94.361 20.066 0 P 0
L 94.107 20.32 94.361 20.32 0 P 0
L 94.107 20.32 94.361 20.32 0 P 0
L 94.107 20.574 94.361 20.32 0 P 0
L 94.107 20.574 94.361 20.828 0 P 0
L 94.107 20.701 94.361 20.701 0 P 0
L 94.107 20.701 94.361 20.955 0 P 0
L 94.107 20.828 94.361 20.828 0 P 0
L 94.107 21.209 94.361 20.955 0 P 0
L 94.107 21.209 94.361 21.209 0 P 0
L 94.107 21.209 94.361 21.209 0 P 0
L 94.107 21.463 94.361 21.209 0 P 0
L 94.107 21.463 94.361 21.717 0 P 0
L 94.107 21.59 94.361 21.59 0 P 0
L 94.107 21.59 94.361 21.844 0 P 0
L 94.107 21.717 94.361 21.717 0 P 0
L 94.107 22.098 94.361 21.844 0 P 0
L 94.107 22.098 94.361 22.098 0 P 0
L 94.107 22.098 94.361 22.098 0 P 0
L 94.107 22.352 94.361 22.098 0 P 0
L 94.107 22.352 94.361 22.606 0 P 0
L 94.107 22.479 94.361 22.479 0 P 0
L 94.107 22.479 94.361 22.733 0 P 0
L 94.107 22.606 94.361 22.606 0 P 0
L 94.107 22.987 94.361 22.733 0 P 0
L 94.107 22.987 94.361 22.987 0 P 0
L 94.361 18.923 94.615 18.669 0 P 0
L 94.361 19.431 94.615 19.685 0 P 0
L 94.361 19.812 94.615 19.558 0 P 0
L 94.361 20.32 94.615 20.574 0 P 0
L 94.361 20.701 94.615 20.447 0 P 0
L 94.361 21.209 94.615 21.463 0 P 0
L 94.361 21.59 94.615 21.336 0 P 0
L 94.361 22.098 94.615 22.352 0 P 0
L 94.361 22.479 94.615 22.225 0 P 0
L 94.361 22.987 94.615 23.241 0 P 0
L 94.44800008 11.07700096 94.44800008 12.09300096 0 P 0
L 94.44800008 14.57700158 94.44800008 15.59300158 0 P 0
L 94.615 18.669 94.869 18.923 0 P 0
L 94.615 19.558 94.869 19.812 0 P 0
L 94.615 19.685 94.869 19.431 0 P 0
L 94.615 20.447 94.869 20.701 0 P 0
L 94.615 20.574 94.869 20.32 0 P 0
L 94.615 21.336 94.869 21.59 0 P 0
L 94.615 21.463 94.869 21.209 0 P 0
L 94.615 22.225 94.869 22.479 0 P 0
L 94.615 22.352 94.869 22.098 0 P 0
L 94.615 23.241 94.869 22.987 0 P 0
L 94.869 18.923 95.123 18.923 0 P 0
L 94.869 19.177 95.123 18.923 0 P 0
L 94.869 19.177 95.123 19.431 0 P 0
L 94.869 19.431 95.123 19.431 0 P 0
L 94.869 19.812 95.123 19.812 0 P 0
L 94.869 20.066 95.123 19.812 0 P 0
L 94.869 20.066 95.123 20.32 0 P 0
L 94.869 20.32 95.123 20.32 0 P 0
L 94.869 20.701 95.123 20.701 0 P 0
L 94.869 20.955 95.123 20.701 0 P 0
L 94.869 20.955 95.123 21.209 0 P 0
L 94.869 21.209 95.123 21.209 0 P 0
L 94.869 21.59 95.123 21.59 0 P 0
L 94.869 21.844 95.123 21.59 0 P 0
L 94.869 21.844 95.123 22.098 0 P 0
L 94.869 22.098 95.123 22.098 0 P 0
L 94.869 22.479 95.123 22.479 0 P 0
L 94.869 22.733 95.123 22.479 0 P 0
L 94.869 22.733 95.123 22.987 0 P 0
L 94.869 22.987 95.123 22.987 0 P 0
